"","OTU","Wlab","Wlight","Z","Gi","Mlight","Mheavymax","Mlab","A","A_CI_low","A_CI_high"
"1","00a42d6f4f6b2d512e825f62c1a326f9",1.82007692307692,1.78903519668737,0.0310417263895522,1.71219070111574,308.540246587753,317.660892801329,313.89375887889,0.580443772505786,0.580443772505786,0.580443772505786
"2","02e4bfcfba2fe52347ab2a0dc2a70667",1.80751063829787,1.79109090909091,0.0164197292069634,1.73680824241263,308.552456888237,317.660825639753,311.381094877818,0.307102765281082,0.307102765281082,0.307102765281082
"3","04e8d685ade483602e962b45d627c393",1.7893,1.78788268156425,0.00141731843575421,1.69838911652152,308.533401001795,317.660930454812,308.777986444562,0.0264986850887474,0.0264986850887474,0.0264986850887474
"4","063669beab0e471ace7cbc32283416e9",1.81496774193548,1.78905714285714,0.0259105990783413,1.71245351061172,308.540376941263,317.660892084332,313.008912805712,0.484498950990096,0.484498950990096,0.484498950990096
"5","06b38c9c1b4191b8a7cb9d3b4e5aa40a",1.821,1.7775,0.0435000000000001,1.57405455895384,308.471731061241,317.661269664352,316.020828277086,0.812359518665365,0.812359518665365,0.812359518665365
"6","0732378c741e5663c60d571f6b2f8b9e",1.777,1.781,-0.004,1.61596771489474,308.492519986588,317.66115531688,307.799667611548,-0.0747279334519531,-0.0747279334519531,-0.0747279334519531
"7","09315938b6dede38dc8e27db2e3fa93a",1.79142711864407,1.78749019607843,0.00393692256563649,1.69368902927252,308.531069758519,317.66094327759,309.210605195075,0.0736027956066322,0.0736027956066322,0.0736027956066322
"8","0a350f0248ca83b23568ca900025c201",1.80812698412698,1.77886363636364,0.0292633477633477,1.59038435996978,308.479830642545,317.661225113389,313.554504371063,0.546570817247924,0.546570817247924,0.546570817247924
"9","0bd3ee9c4f072a72b94d4c4057b1c760",1.78267741935484,1.78633333333333,-0.00365591397849441,1.67983538109038,308.524198349021,317.660981073113,307.892772002997,-0.0683402185377602,-0.0683402185377602,-0.0683402185377602
"10","13e2e1d30bf98af8740aaa3c48d2b3c3",1.811,1.777,0.034,1.568066965248,308.468761214763,317.661285999705,314.370808418647,0.634913894084807,0.634913894084807,0.634913894084807
"11","1498242f5c2be0f07aff3d8607277992",1.80754166666667,1.78696296296296,0.0205787037037037,1.68737531390514,308.527938155697,317.660960502669,312.080952490752,0.384706391136193,0.384706391136193,0.384706391136193
"12","150442071b82faafd0778a2c44decedf",1.80540717628705,1.79138118022329,0.0140259960637659,1.74028429362304,308.554181009637,317.66081615639,310.970070925238,0.262340997648012,0.262340997648012,0.262340997648012
"13","15fb3855592516df368b54fc94da6891",1.777,1.789,-0.0120000000000002,1.7117692141882,308.540037530237,317.66089395123,306.470456507117,-0.224384976735259,-0.224384976735259,-0.224384976735259
"14","16e2e2408cedf8f9faae33004fb5eaa2",1.78509977135731,1.78596146160434,-0.000861690247033087,1.67538214744257,308.521989545131,317.660993222425,308.373133931446,-0.0161069506241562,-0.0161069506241562,-0.0161069506241562
"15","1854e62d40ff6286d1518bbfaeedbc5f",1.79862962962963,1.790625,0.00800462962963011,1.73122889373218,308.549689531291,317.660840861332,309.928998983039,0.149704692693482,0.149704692693482,0.149704692693482
"16","1f060daade8b49f608a85e769e1d5bab",1.821,1.79360869565217,0.027391304347826,1.76695920834639,308.56741176734,317.660743381888,313.279734978098,0.51245885641284,0.51245885641284,0.51245885641284
"17","1facd1032ddf97a51b41ca3aec799b8f",1.81186956521739,1.78794326241135,0.0239263028060437,1.69911458351912,308.533760833425,317.660928475593,312.662567570633,0.44733768835074,0.44733768835074,0.44733768835074
"18","2086f81657b45856d814114fb1b85c39",1.81077777777778,1.79334259259259,0.0174351851851853,1.76377257433708,308.565831196871,317.660752075663,311.565761288846,0.326181383912128,0.326181383912128,0.326181383912128
"19","20d8930ef772a243d214ee77451abaf2",1.79767419962335,1.78699131807419,0.0106828815491613,1.68771487167618,308.528106576351,317.660959576287,310.372530320219,0.199710637911203,0.199710637911203,0.199710637911203
"20","213ec0ef843de45b3db9302876229bed",1.7950824742268,1.78742045454545,0.0076620196813495,1.69285386134475,308.530655515227,317.660945556095,309.853213925502,0.143244267041016,0.143244267041016,0.143244267041016
"21","22b0e196767cc0e5abc11d160aa3e563",1.81368571428571,1.78286956521739,0.030816149068323,1.63835610875136,308.503624629941,317.661094236864,313.835979766955,0.575825033922943,0.575825033922943,0.575825033922943
"22","22e3f5c99ed6810a2a949a3bc8c77308",1.81244811320755,1.79263157894737,0.0198165342601784,1.75525805268326,308.561607994131,317.660775304981,311.972583092417,0.370701087488572,0.370701087488572,0.370701087488572
"23","2393cfa7a0ba190ccbae4d28a7d43789",1.78176480652803,1.78719618471069,-0.00543137818265182,1.6901681880426,308.529323421269,317.660952883149,307.591687446957,-0.101539014237997,-0.101539014237997,-0.101539014237997
"24","23e613c77fbab061829d6b99b0b2b22f",1.777,1.79462162162162,-0.0176216216216216,1.77908918666469,308.573428236586,317.660710288881,305.543505867792,-0.32971936540698,-0.32971936540698,-0.32971936540698
"25","247f84d3f0052c52b57ca804de1b511d",1.78373309608541,1.78548241912799,-0.00174932304257958,1.66964552401012,308.519144179909,317.661008873081,308.216873128562,-0.0326970618913131,-0.0326970618913131,-0.0326970618913131
"26","2546c9f9a925864ea465cca0a0112a80",1.813,1.805,0.00800000000000001,1.90337221277513,308.635072617536,317.660371219929,310.002984296728,0.149879915645414,0.149879915645414,0.149879915645414
"27","25505f574cfaf9172bebb83b20c71f01",1.79038235294118,1.78651538461538,0.00386696832579192,1.68201547931148,308.525279677738,317.660975125369,309.193092277895,0.0722869594275728,0.0722869594275728,0.0722869594275728
"28","25668c0238f943ae425391ec3054a4d0",1.79381922196796,1.78589407149085,0.00792515047711806,1.67457513820378,308.521589268549,317.660995424108,309.890696238232,0.14813796194041,0.14813796194041,0.14813796194041
"29","259e4267e8f443efffc70963b75e4045",1.81084657320872,1.78482363636364,0.0260229368450862,1.66175647694341,308.515231212564,317.66103039598,313.013419276651,0.486365666325048,0.486365666325048,0.486365666325048
"30","2628f43f6a9659e839a3ad5212ebc7d3",1.78531707317073,1.7882091503268,-0.00289207715606588,1.70229864113713,308.535340126004,317.660919788847,308.036344799392,-0.054073313050257,-0.054073313050257,-0.054073313050257
"31","27423ef8cdb312d5f0e62502a891449b",1.777,1.78027272727273,-0.00327272727272732,1.60725848768624,308.488200209892,317.661179077394,307.92109735499,-0.0611361945705291,-0.0611361945705291,-0.0611361945705291
"32","276ec0cab3ebfe9b9ec74cef9d6f180c",1.777,1.78764814814815,-0.0106481481481482,1.69558053490944,308.532007945315,317.660938117185,306.694233250977,-0.199076200743566,-0.199076200743566,-0.199076200743566
"33","29fe7fed789c4e1434c2fc64f223593a",1.79217484662577,1.78686254295533,0.00531230367044055,1.68617276549381,308.527341691685,317.660963783461,309.444586801647,0.0993091645893573,0.0993091645893573,0.0993091645893573
"34","2a2c3ae90269f3a31967237c448c46c8",1.777,1.799,-0.022,1.83152108830503,308.599434459799,317.660567244167,304.825567001147,-0.411861418090451,-0.411861418090451,-0.411861418090451
"35","2ad27ee030129e8f0c714e41f65f320d",1.79968571428571,1.79,0.00968571428571408,1.72374440159988,308.545977223194,317.660861280524,310.215523692127,0.181131642183901,0.181131642183901,0.181131642183901
"36","2ca278efa972e191ac918172804eff7b",1.81506593406593,1.79714689265537,0.0179190414105668,1.80932978055909,308.588427571157,317.660627786493,311.665309508337,0.335386183891652,0.335386183891652,0.335386183891652
"37","2d2cd59098440355db262866c868973b",1.8025,1.805,-0.00249999999999995,1.90337221277513,308.635072617536,317.660371219929,308.207600217789,-0.0468374736391907,-0.0468374736391907,-0.0468374736391907
"38","2d2fc2af23d460e95d05a2ecf471073a",1.811,1.795,0.016,1.7836203386583,308.575675687974,317.660697926992,311.326210958731,0.299390617170921,0.299390617170921,0.299390617170921
"39","2dab9d38ae49e71e2f805f05467f139c",1.80802380952381,1.7900119047619,0.0180119047619047,1.72388696335478,308.546047933824,317.660860891587,311.650777022643,0.336839420496114,0.336839420496114,0.336839420496114
"40","2e68757bad01812ed14c644d2bf9a815",1.79655555555556,1.795,0.00155555555555575,1.7836203386583,308.575675687974,317.660697926992,308.843088839298,0.0291074211138452,0.0291074211138452,0.0291074211138452
"41","2fac44b95ab4a305916fd9f7f1335a54",1.81179245283019,1.7796,0.0321924528301889,1.59920245251838,308.484204416449,317.661201055869,314.064595065772,0.601327397592619,0.601327397592619,0.601327397592619
"42","306362657db7872818a69eab489f7c76",1.79655555555556,1.7866875,0.00986805555555592,1.68407659329868,308.526301990276,317.660969502238,310.230323923821,0.184471550528285,0.184471550528285,0.184471550528285
"43","308e17eea6917cf6ffc4f43a075e7edc",1.80273333333333,1.78415384615385,0.0185794871794873,1.65373561365466,308.511252864373,317.661052278499,311.723969570209,0.347222468363623,0.347222468363623,0.347222468363623
"44","310b5b1bf6af508edfd5b90b546f4983",1.81165925925926,1.78434195402299,0.0273173052362707,1.65598824064125,308.512370167358,317.661046132882,313.235526828011,0.510529764394289,0.510529764394289,0.510529764394289
"45","320defbe687eabba720da1d9a3835809",1.7858,1.78587155963303,-7.15596330274071e-05,1.67430555448743,308.521455555026,317.660996159586,308.509093141827,-0.0013375987385898,-0.0013375987385898,-0.0013375987385898
"46","3386ae28b057b210ed0f335ca1f96d8e",1.80247368421053,1.78187878787879,0.0205948963317386,1.62649136443833,308.497739716761,317.661126606259,312.06334642989,0.384790531841813,0.384790531841813,0.384790531841813
"47","344b8fcfc08a17bb7443c1ad11ea3151",1.777,1.78313333333333,-0.00613333333333332,1.64151478137299,308.505191331561,317.661085619373,307.444045124416,-0.114609711222818,-0.114609711222818,-0.114609711222818
"48","37a107096b9bb84702f62e3664a87cb8",1.79890909090909,1.78468421052632,0.0142248803827751,1.66008682641146,308.5144030659,317.66103495112,310.973426603001,0.265857212424583,0.265857212424583,0.265857212424583
"49","38007daf8298a4731a2e0f43cd52709d",1.80835542168675,1.767,0.0413554216867471,1.44831509113117,308.409364285201,317.661612706768,315.627473686534,0.771477273680956,0.771477273680956,0.771477273680956
"50","398a1c34125e3c70e28cc6ce85de7ae9",1.80536781609195,1.78830303030303,0.0170647857889239,1.70342287144672,308.535897744238,317.660916721722,311.480085006676,0.319064594734602,0.319064594734602,0.319064594734602
"51","3bebb681a4ba10beb02da5b003b50f38",1.783,1.78784848484849,-0.0048484848484851,1.69797960444142,308.533197883803,317.660931572043,307.696483504552,-0.0906486277112478,-0.0906486277112478,-0.0906486277112478
"52","3c7b31539e0e24654f3a9d4af9834b54",1.79133333333333,1.78580873866447,0.00552459466886512,1.67355326161555,308.521082417761,317.660998211992,309.475526132956,0.103265461401796,0.103265461401796,0.103265461401796
"53","3d6e5ee8bc5c8bc3f09f7f74aed8f061",1.81566666666667,1.79642857142857,0.0192380952380953,1.80072774924642,308.584160963626,317.660651254554,311.888813078386,0.360043323485,0.360043323485,0.360043323485
"54","3e264d7ec14f91205f239dd3d512bf31",1.79138461538462,1.77762068965517,0.0137639257294426,1.57549984019319,308.472447920736,317.661265721336,310.860916893599,0.257043677292996,0.257043677292996,0.257043677292996
"55","40469953bd41ea07e3f50a2399ed4220",1.8038,1.78433333333333,0.0194666666666667,1.65588500626701,308.512318963108,317.661046414526,311.878117473746,0.36380979371712,0.36380979371712,0.36380979371712
"56","41225d3662741b696e80c01223d4ea86",1.79089473684211,1.78915789473684,0.00173684210526326,1.7136600332532,308.540975376494,317.660888792697,308.840494473611,0.0324773633862726,0.0324773633862726,0.0324773633862726
"57","4165795d94788940d1358211628f9703",1.79016417910448,1.78760941828255,0.00255476082192918,1.69511673751046,308.531777901805,317.660939382517,308.972715888841,0.0477632189479329,0.0477632189479329,0.0477632189479329
"58","429bfc5133ad581e8a89491650221c9f",1.811,1.7926,0.0184,1.75487988887026,308.56142042488,317.660776336687,311.728624561786,0.344201188492392,0.344201188492392,0.344201188492392
"59","43e1faa1b7c6015c07817e1560f4827c",1.8125369406347,1.78320249406176,0.0293344465729404,1.6423429940574,308.505602125052,317.661083359844,313.58065172437,0.548158403114022,0.548158403114022,0.548158403114022
"60","4568a13e604ebb752df0bd0ab1b9f238",1.7900737704918,1.7839126984127,0.00616107207910499,1.65084782426051,308.509820520833,317.661060156966,309.575316182718,0.115138010190061,0.115138010190061,0.115138010190061
"61","45d28af4626c6d8ab9b61fdb4778cc89",1.79693726937269,1.78592419825073,0.0110130711219651,1.6749359117995,308.521768212253,317.660994439845,310.424296986612,0.20585848297568,0.20585848297568,0.20585848297568
"62","45f98147adc94818b100d0fd1a444fdb",1.79953122326775,1.78814874959402,0.0113824736737262,1.70157533104237,308.534981364197,317.660921762182,310.498962998051,0.212817215226773,0.212817215226773,0.212817215226773
"63","4785f91e7f34f642ba5880ff1f2e7526",1.7836874111342,1.78812760998349,-0.00444019884928926,1.70132218024441,308.534855801401,317.660922452828,307.768715787654,-0.0830178478885064,-0.0830178478885064,-0.0830178478885064
"64","4ab56f9b012674eb6981ba9d3ef36170",1.78803151862464,1.78513725490196,0.00289426372268098,1.66551211771562,308.517094010387,317.66102014984,309.01729635089,0.0540953546086026,0.0540953546086026,0.0540953546086026
"65","4b11c7e76e289279c460920e677924c4",1.79668852459016,1.7859495412844,0.0107389833057601,1.67523939937733,308.521918742091,317.660993611871,310.377072909801,0.200735753731842,0.200735753731842,0.200735753731842
"66","4cba274391c0208ea2c7f3145e4d20fe",1.7872,1.799,-0.0118,1.83152108830503,308.599434459799,317.660567244167,306.575269186522,-0.220907487884879,-0.220907487884879,-0.220907487884879
"67","509b8910a6b14b389aedeb33db7f23d0",1.79588888888889,1.799,-0.00311111111111106,1.83152108830503,308.599434459799,317.660567244167,308.065756233323,-0.0582430288208701,-0.0582430288208701,-0.0582430288208701
"68","51d96e96a3350beedece3878d6d0b3e7",1.777,1.79118181818182,-0.0141818181818183,1.73789689581369,308.552996860324,317.660822669689,306.110005056527,-0.265249305734605,-0.265249305734605,-0.265249305734605
"69","52bb2cdba719594715a0c566cd49e48b",1.80654289215686,1.78936666666667,0.0171762254901959,1.71616011623915,308.542215417655,317.660881971971,311.503928499709,0.321187481905965,0.321187481905965,0.321187481905965
"70","56c8bb4a2fea43dce8556ccea4250071",1.80528070175439,1.78968810126582,0.0155926004885631,1.72000935580464,308.544124640479,317.660871470475,311.232305483392,0.291585248538493,0.291585248538493,0.291585248538493
"71","574439bb3a45e7e580d88ad3ea1e9da4",1.80253571428571,1.78838888888889,0.0141468253968253,1.70445104410328,308.536407717875,317.660913916661,310.977046169426,0.264509357447483,0.264509357447483,0.264509357447483
"72","5886958e9430e8bd447f64ab6c58c708",1.80478151260504,1.78843571428571,0.0163457983193278,1.70501178700589,308.536685846355,317.660912386843,311.35662418726,0.305626152869744,0.305626152869744,0.305626152869744
"73","5a1598108def7c6cf47ae5d5d2d45a51",1.79917358490566,1.78981438515081,0.00935919975484811,1.72152162899447,308.544874727981,317.660867344692,310.158300756888,0.175021763786654,0.175021763786654,0.175021763786654
"74","5a75ee0d4c98078a83161ce431d168c0",1.811,1.79,0.0209999999999999,1.72374440159988,308.545977223194,317.660861280524,312.165790363801,0.39271904721288,0.39271904721288,0.39271904721288
"75","5b0b715b981f0d131289b37053f2c7b6",1.81176923076923,1.78915384615385,0.0226153846153847,1.71361155071307,308.540951329154,317.660888924967,312.440991730322,0.42288687007984,0.42288687007984,0.42288687007984
"76","5b3e69031a1e70f4421c1fb11d96f13f",1.79534482758621,1.78521052631579,0.0101343012704174,1.66638955662814,308.517529220088,317.661017756012,310.268924667421,0.189417130710831,0.189417130710831,0.189417130710831
"77","5bae37ce3be370c107915a80a577a958",1.81187723214286,1.78847159090909,0.0234056412337662,1.70544141629453,308.536898942482,317.660911214728,312.574706420517,0.437629620579204,0.437629620579204,0.437629620579204
"78","5c1883ce06bdcd6e0074c53d7e80dfba",1.79586956521739,1.7842,0.0116695652173915,1.65428831461212,308.511527004048,317.66105077062,310.529347531282,0.218087617515642,0.218087617515642,0.218087617515642
"79","5e09ffd1f600c327358cf8c97131106c",1.78367388414055,1.78804698216735,-0.00437309802680153,1.70035664703557,308.53437689693,317.660925086996,307.779782029868,-0.0817625179139182,-0.0817625179139182,-0.0817625179139182
"80","5e70ca7c727380bb2a2157fcca8526ea",1.8055,1.78656790123457,0.0189320987654322,1.68264437566843,308.525591610332,317.660973409614,311.795009452214,0.353908250684073,0.353908250684073,0.353908250684073
"81","622b99c4db279e3fcbaad7d88f441a31",1.777,1.78697142857143,-0.00997142857142852,1.68747669115307,308.527988438812,317.660960226091,306.806380163595,-0.186409991795102,-0.186409991795102,-0.186409991795102
"82","6289ec300e4957e6e6303b4ac94b1e89",1.79401123595506,1.78589541284404,0.00811582311101944,1.67459120115964,308.521597235775,317.660995380285,309.923642781716,0.151702063006465,0.151702063006465,0.151702063006465
"83","639b8d71f6806556291f6114837ecc41",1.78896539066597,1.78352049328981,0.00544489737615939,1.64615109441008,308.507490942827,317.661072970584,309.449331327774,0.101749712949252,0.101749712949252,0.101749712949252
"84","66f7d9fe8a88975b768e400bc6c42572",1.78872846237732,1.78856050228311,0.000167960094212161,1.70650614666138,308.537427048744,317.660908309931,308.566401173605,0.00314048486582262,0.00314048486582262,0.00314048486582262
"85","68e6cb559c5aadee4b95cddca99b9bde",1.7896,1.767,0.0226000000000002,1.44831509113117,308.409364285201,317.661612706768,312.353932272097,0.421598563720534,0.421598563720534,0.421598563720534
"86","69ae36fc8946df3dff4a1f55b810cc65",1.80761824324324,1.79284246575342,0.0147757774898185,1.75778346170843,308.562860597007,317.66076841516,311.105892824821,0.276412254857061,0.276412254857061,0.276412254857061
"87","6a6e3ef59468d1d301ac54f79dc7fb69",1.80639837398374,1.78597619047619,0.0204221835075493,1.67555852844335,308.522077030108,317.660992741223,312.049948513971,0.381737694275234,0.381737694275234,0.381737694275234
"88","6b9e08c5555bd708c12f81e58d43377e",1.81168292682927,1.79132142857143,0.0203614982578397,1.73956875639389,308.553826103171,317.660818108519,312.061079515341,0.380837015429827,0.380837015429827,0.380837015429827
"89","6dbc74f8ca8a46ca571aee4eb847555b",1.777,1.805,-0.028,1.90337221277513,308.635072617536,317.660371219929,303.847381740367,-0.524579704758946,-0.524579704758946,-0.524579704758946
"90","6dee28d0eaab8c55ea37b5589c83b077",1.80699047619048,1.79204705882353,0.0149434173669467,1.74825831465439,308.558136124069,317.660794401666,311.131122691227,0.279522158664444,0.279522158664444,0.279522158664444
"91","6f46834f6287052f3c257adc2ebbffb0",1.777,1.79,-0.0130000000000001,1.72374440159988,308.545977223194,317.660861280524,306.305140517103,-0.243111791131786,-0.243111791131786,-0.243111791131786
"92","6f8d489ea5bc0646fc2b4e4154750e15",1.78569709543568,1.78593596059113,-0.000238865155448353,1.67507676803024,308.521838076943,317.660994055561,308.480573933974,-0.00446492020605433,-0.00446492020605433,-0.00446492020605433
"93","6fdb5a343ee4e2c1f031bb18039bf3a3",1.81265021459227,1.78446428571429,0.0281859288779889,1.65745318557092,308.513096780043,317.661042136219,313.38611568739,0.526770561642953,0.526770561642953,0.526770561642953
"94","72043b4ee056432fd25f465446b2ff27",1.79518744816146,1.78591767337808,0.00926977478338387,1.67485777522664,308.521729456512,317.660994653018,310.123106155155,0.173272318754759,0.173272318754759,0.173272318754759
"95","72324754b30f56958d40ca3355b57c66",1.777,1.78892592592593,-0.0119259259259261,1.71088216326882,308.539597552981,317.660896371282,306.482709488302,-0.222997983757554,-0.222997983757554,-0.222997983757554
"96","746729798909e5ca7d471db105995663",1.79425714285714,1.78751020408163,0.00674693877551014,1.69392862886059,308.531188599915,317.660942623915,309.695736379875,0.126137783964487,0.126137783964487,0.126137783964487
"97","762eb0d8115234c02b58bfbc8abca94c",1.821,1.775,0.046,1.54411659042464,308.456881828851,317.661351341118,316.450693977655,0.858819974330189,0.858819974330189,0.858819974330189
"98","76c092e3627725674dda633ea9716795",1.79797506925208,1.78799234303216,0.00998272621991836,1.69970233315162,308.534052357243,317.660926872095,310.256660950175,0.18664290771335,0.18664290771335,0.18664290771335
"99","76df98ed47d4dffe53bdc19a8969433f",1.80781818181818,1.78681818181818,0.0209999999999999,1.68564153256271,308.527078200151,317.660965232771,312.153115089708,0.392575817747901,0.392575817747901,0.392575817747901
"100","772586d5a903ca8358234fdf7861e050",1.81217857142857,1.79090163934426,0.0212769320843094,1.73454170172517,308.551332684056,317.660831823329,312.217098355277,0.397939603259999,0.397939603259999,0.397939603259999
"101","78ce83044fcda982f318c58f35b18be5",1.81218681318681,1.79433333333333,0.01785347985348,1.77563688038384,308.57171589267,317.660719707463,311.641980938023,0.334046206696423,0.334046206696423,0.334046206696423
"102","7b9ad2dc27dad80f2ee7bd13dc61e474",1.777,1.78815789473684,-0.0111578947368423,1.70168484584152,308.535035683537,317.660921463404,306.609813385821,-0.208618498866269,-0.208618498866269,-0.208618498866269
"103","7cfccc0fce10e092ab62f06653ed298b",1.81671428571429,1.78879746835443,0.0279168173598552,1.70934385977571,308.538834554449,317.660900568082,313.354037194803,0.521997375647283,0.521997375647283,0.521997375647283
"104","7e2770ba96962764352f0b5492b162e9",1.777,1.79358333333333,-0.0165833333333334,1.76665548982508,308.567261122953,317.660744210493,305.714271996741,-0.310253589564748,-0.310253589564748,-0.310253589564748
"105","7e753f854ef3a631994a998879828f3a",1.777,1.78483333333333,-0.00783333333333336,1.66187259997285,308.515288809587,317.661030079173,307.161267091961,-0.14640424892892,-0.14640424892892,-0.14640424892892
"106","8023d288e227b7959a4be0b7d9119a74",1.80428125,1.78782142857143,0.0164598214285716,1.697655600453,308.533037177825,317.660932455991,311.373588597336,0.30773647036411,0.30773647036411,0.30773647036411
"107","808e37b01ebd9a3569ece4e2e41a8c9d",1.777,1.7845,-0.00750000000000006,1.65788087083563,308.513308911934,317.661040969408,307.216671300929,-0.140169053698302,-0.140169053698302,-0.140169053698302
"108","84bfc728921c427f811a0144786b0413",1.80435483870968,1.79232432432432,0.0120305143853532,1.7515786209892,308.559782996011,317.660785343206,310.630910892729,0.225042557063945,0.225042557063945,0.225042557063945
"109","85f670579d1c3a7766ce8df552cb1a83",1.80222222222222,1.79019266055046,0.0120295616717634,1.72605154779847,308.547121567708,317.660854986167,310.620466358655,0.224968737320474,0.224968737320474,0.224968737320474
"110","860f7cf966bf7a9bf1c531c1e939865c",1.81433333333333,1.77514285714286,0.0391904761904762,1.54582733148345,308.457730356416,317.661346673874,315.267664153383,0.731697121332893,0.731697121332893,0.731697121332893
"111","88753b16b9dd939076a59ba0f4d708bc",1.78588,1.78795238095238,-0.00207238095238083,1.69922377975691,308.533814994759,317.660928177684,308.176199429506,-0.0387462734373495,-0.0387462734373495,-0.0387462734373495
"112","8b3666cea52f318243bc74e73adf29b6",1.777,1.79,-0.0129999999999999,1.72374440159988,308.545977223194,317.660861280524,306.305140517103,-0.24311179113178,-0.24311179113178,-0.24311179113178
"113","8b603ab0e8e391ca78eb5712f00ae400",1.799,1.78589855072464,0.0131014492753625,1.67462877786791,308.521615873822,317.660995277768,310.784947292667,0.244894148091999,0.244894148091999,0.244894148091999
"114","8e45c97e6bfc163dd0fd397b4710db3f",1.80298608695652,1.78512831585441,0.0178577711021111,1.66540507094593,308.517040915189,317.661020441885,311.603332611328,0.333771067118515,0.333771067118515,0.333771067118515
"115","9063fed0e1e8a8705b56062a2b2bc49b",1.8014962406015,1.79946808510638,0.00202815549512048,1.83712649517859,308.602214741609,317.660551951496,308.950036013247,0.0379712257246959,0.0379712257246959,0.0379712257246959
"116","90aadf10af37c1b552ec5541e32c3ccf",1.79425842696629,1.78611675126904,0.00814167569725632,1.67724177028041,308.522911918059,317.660988149002,309.929255312031,0.152189104898874,0.152189104898874,0.152189104898874
"117","926769f75b4c21cb785384208839a7bb",1.80540909090909,1.7883,0.0171090909090912,1.70338658300002,308.535879745168,317.660916820724,311.487715799117,0.319892867660861,0.319892867660861,0.319892867660861
"118","936f8212f3cd159e32920c873008c2a5",1.81160083160083,1.78532167832168,0.0262791532791533,1.66772062272984,308.518189428874,317.661014124597,313.059442071384,0.491181762090829,0.491181762090829,0.491181762090829
"119","97347cef028186dd6a7657ab012d94b0",1.80724444444444,1.79395555555556,0.0132888888888887,1.77111292069499,308.569472008665,317.66073204973,310.855228428509,0.248629599197164,0.248629599197164,0.248629599197164
"120","9a7b0d2ebc86e0a3dcde4b2b8feb6a9b",1.78693514915694,1.78456666666667,0.00236848249027233,1.65867921666307,308.513704891465,317.661038791361,308.923165250494,0.0442653897658825,0.0442653897658825,0.0442653897658825
"121","9b7c4d38d5faf4595053b9fafda34e1e",1.81238118449915,1.78635641891892,0.0260247655802281,1.68011183530427,308.524335470311,317.660980318891,313.019112336436,0.486483769039464,0.486483769039464,0.486483769039464
"122","9f3b6c85f28277dacf8b62677ac309ba",1.80948484848485,1.78821568627451,0.0212691622103387,1.7023769103359,308.535378947527,317.660919575313,312.205120284006,0.397670900580329,0.397670900580329,0.397670900580329
"123","a2d28e031184892a1ffd74340620ad2e",1.777,1.795,-0.018,1.7836203386583,308.575675687974,317.660697926992,305.481323508374,-0.336814444317292,-0.336814444317292,-0.336814444317292
"124","a3090cbcbdaff1aaddfda05cf068aba5",1.78547545219638,1.78748843187661,-0.00201297968022418,1.69366790262504,308.531059279702,317.660943335228,308.183607099328,-0.0376336846115898,-0.0376336846115898,-0.0376336846115898
"125","a36db20543c1136b31494847b412db92",1.78833333333333,1.777,0.0113333333333334,1.568066965248,308.468761214763,317.661285999705,310.436110282724,0.211637964694934,0.211637964694934,0.211637964694934
"126","a37b3ae9c71b4e582d361a4433fc24bd",1.80741262135922,1.78933816964286,0.0180744517163662,1.71581885903835,308.542046154083,317.660882902989,311.658689173437,0.337982786455786,0.337982786455786,0.337982786455786
"127","a49becf5a5dbcb201f091757c62fc6bb",1.815,1.78675,0.0282500000000001,1.68482504251191,308.526673221086,317.660967460319,313.404735915081,0.528103860598177,0.528103860598177,0.528103860598177
"128","a5c3c42f6d86b4a4de3b4cebfabb1cf5",1.79373013245033,1.78739097078784,0.00633916166248816,1.69250078782175,308.53048039076,317.660946519351,309.624714738458,0.118512553388821,0.118512553388821,0.118512553388821
"129","a5d7a7002d9ecc90866041c404311e96",1.81406976744186,1.78494029850746,0.0291294689343979,1.66315352797958,308.515924149878,317.661026584545,313.550773234638,0.544433505890073,0.544433505890073,0.544433505890073
"130","a8476d8a4bacfe2dd6d88680929ba8d5",1.777,1.777,0,1.568066965248,308.468761214763,317.661285999705,308.468761214763,0,0,0
"131","aa56a2f40b89a5858892dcf312214e4d",1.809,1.79324489795918,0.0157551020408162,1.7626026627929,308.565250920745,317.660755267415,311.276245397874,0.294746603342789,0.294746603342789,0.294746603342789
"132","aa969b482cc0dd3bd1925ed1361956cb",1.811,1.799,0.012,1.83152108830503,308.599434459799,317.660567244167,310.657907619064,0.224651682594792,0.224651682594792,0.224651682594792
"133","ac721c3f01b2a715db8fc21068cfafea",1.777,1.78188888888889,-0.00488888888888894,1.62661232592734,308.49779971366,317.661126276252,307.651388091324,-0.0913430304328105,-0.0913430304328105,-0.0913430304328105
"134","add0d840d1926eb3f6908f34ef6e6526",1.80034299516908,1.78681331503089,0.0135296801381963,1.68558325187275,308.527049292929,317.660965391772,310.863203974451,0.25292487195741,0.25292487195741,0.25292487195741
"135","adf3c7233c2161e939a26110667aed82",1.79768888888889,1.78620909090909,0.011479797979798,1.67834755477559,308.523460387169,317.660985132201,310.506311675575,0.214589535488265,0.214589535488265,0.214589535488265
"136","aff00731f4bccd69c25542aeae7ff3d5",1.81325,1.78266666666667,0.0305833333333336,1.63592636058087,308.502419474848,317.661100865703,313.795070369915,0.571461871899178,0.571461871899178,0.571461871899178
"137","b0398bc1dac797f0d52a5eb89b5b08b6",1.80633920704846,1.78912394366197,0.0172152633864862,1.7132534627688,308.540773717533,317.660889901903,311.509606985812,0.321908466288858,0.321908466288858,0.321908466288858
"138","b0b7c1df5679dcf1b5f01457331a4687",1.821,1.795,0.026,1.7836203386583,308.575675687974,317.660697926992,313.045295502953,0.48650975290275,0.48650975290275,0.48650975290275
"139","b134662e5855d85a7c622630e39eea4e",1.78788,1.7886677852349,-0.000787785234899196,1.70779088011519,308.538064276537,317.660904804921,308.402174463209,-0.0147300350653523,-0.0147300350653523,-0.0147300350653523
"140","b188286dd975c7955fd0f87cf14c1578",1.821,1.784,0.0369999999999999,1.65189327712979,308.510339065456,317.661057304761,314.908815828585,0.691462092086029,0.691462092086029,0.691462092086029
"141","b437d39dfc5afaf183805993c1390110",1.80726136363636,1.787,0.0202613636363635,1.68781883936483,308.528158144325,317.660959292642,312.026312147805,0.378775504428926,0.378775504428926,0.378775504428926
"142","b5422e8e1726a74ae16cdfadaeec372f",1.777,1.78816666666667,-0.0111666666666665,1.70178989134513,308.535087786107,317.660921176818,306.608361075168,-0.208782716748585,-0.208782716748585,-0.208782716748585
"143","b71f70fc7554b6500e4f9b27aa79dde1",1.7928625,1.78749132947977,0.00537117052023084,1.69370260196595,308.531076490575,317.660943240561,309.458170790441,0.100416812990894,0.100416812990894,0.100416812990894
"144","b7be9c6096192e359ede6619f83d3d12",1.79893040374749,1.79005739299611,0.00887301075138192,1.7244316934844,308.546318119968,317.660859405454,310.075729863239,0.165934452201403,0.165934452201403,0.165934452201403
"145","b9f6f56f7ff819e4ceacfd0b387e9805",1.789,1.791,-0.002,1.73571958901157,308.55191691615,317.660828609817,308.207358661637,-0.0374061601366959,-0.0374061601366959,-0.0374061601366959
"146","bc2e987a5e264e1b3011eee7d1172e52",1.79591957104558,1.78597494717778,0.00994462386779205,1.67554363971193,308.522069645297,317.660992781842,310.23997500695,0.185887921912001,0.185887921912001,0.185887921912001
"147","bdeb02580676e31dbaee74a9a51cc3a9",1.78682978723404,1.78828,-0.00145021276595725,1.70314707925178,308.535760951309,317.660917474138,308.285552650995,-0.0271149215351404,-0.0271149215351404,-0.0271149215351404
"148","c36efdb76bc5b4aad911ffda5df280f7",1.789,1.79177777777778,-0.00277777777777799,1.7450336236651,308.556536677338,317.660803199268,308.078184115206,-0.0519577221806287,-0.0519577221806287,-0.0519577221806287
"149","cbd8cc424d3125cb92772879f7562a46",1.80867523078634,1.78805834378921,0.0206168869971324,1.70049270458661,308.534444381475,317.660924715803,312.091945621091,0.38546832765677,0.38546832765677,0.38546832765677
"150","d032c44d1d020eb684dc534faafef8b7",1.80315384615385,1.78538461538462,0.0177692307692308,1.66847430585365,308.518563255703,317.661012068399,311.589127155405,0.332125762207745,0.332125762207745,0.332125762207745
"151","d05ae888430648f685524d1705c1794e",1.78392765957447,1.78821808510638,-0.00429042553191472,1.70240563679715,308.535393195851,317.660919496942,307.795132184349,-0.0802183855158573,-0.0802183855158573,-0.0802183855158573
"152","d1c8f7b6346015d2d94b7db3e6250ffc",1.80014493865031,1.78788639253921,0.0122585461110953,1.69843355614221,308.533423043846,317.660930333572,310.648865730239,0.229190196486572,0.229190196486572,0.229190196486572
"153","d581d35c3dd8aad2742dc3b271d596d0",1.777,1.78641129032258,-0.0094112903225807,1.68076893064667,308.524661389601,317.660978526203,306.899271326437,-0.17592736420713,-0.17592736420713,-0.17592736420713
"154","da3b50d07ad4fb09f3967bf2f1a273ed",1.77888888888889,1.777,0.00188888888888883,1.568066965248,308.468761214763,317.661285999705,308.79665272609,0.0352729941158202,0.0352729941158202,0.0352729941158202
"155","da4ae4cf55f56076f4f1ed6280de0a4c",1.81405769230769,1.79669230769231,0.0173653846153847,1.80388604043192,308.585727476054,317.660642638104,311.568269239882,0.325005658217384,0.325005658217384,0.325005658217384
"156","db4ffa0b4abe47b329a3a00b039363da",1.811,1.791,0.0199999999999998,1.73571958901157,308.55191691615,317.660828609817,311.997499461277,0.374061601366967,0.374061601366967,0.374061601366967
"157","db55b7cd3019e38b8d68b8e6d867ec4e",1.777,1.777,0,1.568066965248,308.468761214763,317.661285999705,308.468761214763,0,0,0
"158","dc3f837f5ef419cc0a221fd61d482c1c",1.81018018018018,1.79323109243697,0.0169490877432052,1.76243733907713,308.565168920182,317.660755718451,311.48163526107,0.317083182035301,0.317083182035301,0.317083182035301
"159","dd004a3030d6b1da6d65a1d750ebfaa1",1.81256988416988,1.78152631578947,0.0310435683804107,1.62227044511141,308.495646140775,317.661138121772,313.871264564793,0.579988809019504,0.579988809019504,0.579988809019504
"160","ddb2bf017eeb122792d652cc207cb3b0",1.79288602717502,1.78686987812276,0.00601614905225567,1.68626060549852,308.527385260327,317.660963543816,309.566155211712,0.11246707095598,0.11246707095598,0.11246707095598
"161","de1b46c7efe7bdc9962fd79d17854774",1.80170588235294,1.78011111111111,0.0215947712418298,1.60532310386213,308.487240259516,317.661184357508,312.229541143346,0.403394130367543,0.403394130367543,0.403394130367543
"162","de439c8aa16800ecd6580e83e2958e12",1.80592537313433,1.78679399141631,0.0191313817180194,1.68535184796672,308.526934516591,317.660966023088,311.830363217876,0.35764272425607,0.35764272425607,0.35764272425607
"163","de98e4f98142ca0f900f56cd603656c4",1.79875,1.7868,0.0119499999999999,1.6854238018825,308.526970205734,317.660965826784,310.590378138327,0.223393873544198,0.223393873544198,0.223393873544198
"164","df8ac92b53cfd5894059db2cdc0269b4",1.79924137931034,1.78895675675676,0.010284622553588,1.71125136824607,308.53978067865,317.660895364017,310.313560382973,0.192308609134728,0.192308609134728,0.192308609134728
"165","dfd89d9000105aa304f08b3cc93bac28",1.79707547169811,1.78638983050847,0.0106856411896386,1.68051194535092,308.524533924894,317.660979227311,310.370033944777,0.199748606185407,0.199748606185407,0.199748606185407
"166","e17c42b6dbe158b8b8dd97c1f5440e18",1.80185294117647,1.789546875,0.0123060661764707,1.71831814480396,308.543285799823,317.660876084437,310.665026306541,0.23012253901929,0.23012253901929,0.23012253901929
"167","e37aca05a6c4744cc3eafa6b029f506d",1.80407608695652,1.7898125,0.0142635869565217,1.72149905396019,308.544863530764,317.660867406281,311.003756007467,0.2667362240376,0.2667362240376,0.2667362240376
"168","e3ee9de0ef95547c9864abb5c2fc17f0",1.80139384615385,1.79163909774436,0.00975474840948531,1.74337290427467,308.55571296052,317.660807730043,310.235673703746,0.182457460038861,0.182457460038861,0.182457460038861
"169","e44ed266dee63acbd19cb268b36c8571",1.816,1.777,0.0390000000000001,1.568066965248,308.468761214763,317.661285999705,315.238756536865,0.728283584391402,0.728283584391402,0.728283584391402
"170","e60f6e53d09a97fecde5271d323ad53b",1.777,1.805,-0.028,1.90337221277513,308.635072617536,317.660371219929,303.847381740367,-0.524579704758946,-0.524579704758946,-0.524579704758946
"171","e6dc054766d81eb8dc114f4de654bb5c",1.78872088637435,1.78746843335931,0.00125245301503774,1.6934284166325,308.53094049465,317.660943988594,308.747123616792,0.0234151962910754,0.0234151962910754,0.0234151962910754
"172","e846ed2b26b0f982b803c454889e98c5",1.777,1.7890207253886,-0.0120207253886011,1.71201740460088,308.540160632682,317.660893274117,306.467028393527,-0.224773051702763,-0.224773051702763,-0.224773051702763
"173","e980c9df4e6ade4f8b062af384887806",1.80381624758221,1.78739237057221,0.016423877009998,1.69251755050184,308.530488705049,317.660946473619,311.365493980753,0.307049419929398,0.307049419929398,0.307049419929398
"174","eab1706e57a19a653991bd7bc4973f53",1.80362977867203,1.78822008547009,0.0154096932019467,1.70242959152738,308.535405077398,317.660919431588,311.194158310745,0.288116174933506,0.288116174933506,0.288116174933506
"175","eaf1aaf4b652e4fa5aa0f503b13cbad8",1.79451181102362,1.78544705882353,0.00906475220009262,1.66922207773728,308.518934150558,317.661010028327,310.085291256074,0.169431018640794,0.169431018640794,0.169431018640794
"176","ebcf1227e66b2b235c7b6b6f72165209",1.78273529411765,1.77944444444444,0.00329084967320226,1.59733964558768,308.483280464211,317.661206137979,309.053779928734,0.061469214968789,0.061469214968789,0.061469214968789
"177","ec6873c66fb99a1ab54dfe11fa0d5949",1.821,1.79863636363636,0.0223636363636366,1.82716647470078,308.597274571452,317.660579124424,312.434268735949,0.418650415745877,0.418650415745877,0.418650415745877
"178","edc0f1e96217e889d56477c0de973a38",1.81266666666667,1.767,0.0456666666666665,1.44831509113118,308.409364285201,317.661612706768,316.37995151536,0.851902702503142,0.851902702503142,0.851902702503142
"179","eed1fe60b184c66345f5af4361584c99",1.79363405797101,1.78791619047619,0.00571786749482395,1.69879039202201,308.533600034443,317.660929360052,309.520309731517,0.106903675598498,0.106903675598498,0.106903675598498
"180","f0260be14389f1c0bd018303c31cf7fe",1.80224,1.78706790123457,0.015172098765432,1.68863196937427,308.52856145681,317.660957074261,311.147950346927,0.283636570827295,0.283636570827295,0.283636570827295
"181","f5ff692d9b4eca46bccbcbbd96101a01",1.8078136672326,1.790986701265,0.0168269659675959,1.73556033416762,308.551837925747,317.660829044296,311.450793720532,0.314715603959761,0.314715603959761,0.314715603959761
"182","fb8c9947ea9b3be96be3cab7c8f0feab",1.79166666666667,1.78763636363636,0.00403030303030305,1.69543941317227,308.531937948933,317.660938502193,309.227536466482,0.0753498472544348,0.0753498472544348,0.0753498472544348
"183","fc145a1d3f11b97d6aff482cc00e2d5b",1.80691089108911,1.78595145631068,0.0209594347784292,1.67526233217588,308.521930116759,317.660993549305,312.142658580093,0.391779065791187,0.391779065791187,0.391779065791187
"184","fc17b983500650eba0c117db2191c5ec",1.79955614973262,1.78959810554804,0.00995804418458235,1.71893164021792,308.543590093548,317.660874410699,310.260450819706,0.186215801125182,0.186215801125182,0.186215801125182
"185","fc28580ab49e27f36fe240b78ae3c3f7",1.80075,1.777,0.0237499999999999,1.568066965248,308.468761214763,317.661285999705,312.5915147763,0.443506028956298,0.443506028956298,0.443506028956298
"186","fc40ae85f6a5dfa478548d99cc531a0b",1.78415789473684,1.795,-0.0108421052631578,1.7836203386583,308.575675687974,317.660697926992,306.711826129501,-0.202876536635559,-0.202876536635559,-0.202876536635559
"187","fc8abb033c73353c5c5cbb8466b51892",1.811,1.78988888888889,0.0211111111111111,1.72241382522081,308.545317257309,317.660864910602,312.18450096076,0.394791846862602,0.394791846862602,0.394791846862602
"188","fc8bde7f171d0541dcf875734b90f9c4",1.777,1.78676802507837,-0.00976802507837005,1.6850408962035,308.526780284517,317.660966871427,306.840105078296,-0.182603267281268,-0.182603267281268,-0.182603267281268
"189","fc91e1b2b696cfa86c09242079530f1d",1.81385714285714,1.79451515151515,0.0193419913419912,1.77781418718597,308.572795836844,317.660713767334,311.898715008054,0.361904727241336,0.361904727241336,0.361904727241336
"190","ff1bd8113a59e63cbb44713fe3645ed6",1.79329312977099,1.78718259935553,0.00611053041546072,1.69000550086858,308.529242728431,317.660953326993,309.584130641077,0.114235513575283,0.114235513575283,0.114235513575283
