,AceTB0,AceTB1,AceTB2,AceTB3,AceTB4,AceTB5,AceTC0,AceTC1,AceTC10,AceTC14,AceTC2,AceTC3,AceTC4,AceTC5,AceTC7,C12T18,C12T25,C12TB0,C12TB1,C12TB2,C12TB3,C12TB4,C12TB5,C12TC0,C12TC1,C12TC10,C12TC14,C12TC2,C12TC3,C12TC4,C12TC5,C12TC7,EthTB0,EthTB1,EthTB2,EthTB3,EthTB4,EthTB5,EthTC0,EthTC1,EthTC10,EthTC14,EthTC2,EthTC3,EthTC4,EthTC5,EthTC7,GluT18,GluT25,GluTB0,GluTB1,GluTB2,GluTB3,GluTB4,GluTB5,GluTC0,GluTC1,GluTC10,GluTC14,GluTC2,GluTC3,GluTC4,GluTC5,GluTC7,MetTB0,MetTB1,MetTB2,MetTB3,MetTB4,MetTB5,MetTC0,MetTC1,MetTC10,MetTC14,MetTC2,MetTC3,MetTC4,MetTC5,MetTC7,XylTB0,XylTB1,XylTB2,XylTB3,XylTB4,XylTB5,XylTC0,XylTC1,XylTC10,XylTC14,XylTC2,XylTC3,XylTC4,XylTC5,XylTC7
3cd7863b3a24b807deaf59bcae7b4889,0.053848484,0.034649252,0.031699569,0.011897916,0.312174284,3.171422394,45.8352012,46.62790437,46.29061351,32.46038185,46.17085931,24.99298548,24.26696145,33.20610428,51.37035888,1.164764468,28.28048394,0.056351395,0.01970012,0.011482814,0.014072731,0.325615385,0.380449378,54.25098593,45.07802753,34.65002618,22.72948178,47.21752493,32.72421287,30.24582227,61.51310109,64.62497175,0.038808234,0.021756394,0.015071241,0.015823363,0.272187675,0.523415748,14.64632315,4.453520539,2.717080779,1.732648205,2.339309438,1.367026672,0.72842673,0.661717828,0.416276557,25.3650622,29.73347483,0.173095945,0.02925443,0.019406037,0.027109326,0.197266534,0.081336786,8.433891527,2.709760155,0.732004533,0.575278959,4.048390539,2.755780805,1.625716166,1.059315503,0.518907647,0.056005377,0.032322464,0.0173032,0.018042204,0.033447544,0.07817828,29.87340536,21.69378204,45.94688362,45.88273558,16.5483304,20.33346296,18.3499815,31.86702612,27.431423,0.180524305,0.023480609,0.019981061,0.032869508,0.178444861,0.30229654,0.369684278,0.087163885,11.87560626,17.48292819,5.959486859,6.376162321,7.471475563,6.871738581,3.985243469
88fc69b86967c9be5c2ac8f06893fd3d,0.057214014,0.043688187,0.040467535,0.023795832,0.019510893,0.007910099,41.34913011,35.25688423,0.053878048,0.025961382,39.37124218,64.79870739,65.12643361,53.70670427,0.211443215,0.36668511,0.040079787,0.041522081,0.018240852,0.028707035,0.038079155,0.043477054,0.027750425,0.020722302,0.003408804,0.038401117,0.39552289,0.014033414,0.029152974,0.016242386,0.049452878,0.036808627,0.056448341,0.026107672,0.00753562,0.0066945,0.010105978,0.028428331,47.31159623,59.85176679,0.172182158,0.058219005,64.45085122,67.88471866,52.85368982,46.50418062,26.84839755,5.429813968,48.15607377,0.049455984,0.023403544,0.024257546,0.032783371,0.027087345,0.027979855,62.93326668,80.34215833,0.22582212,0.045984778,71.91447254,59.64336954,23.91792781,10.05887369,0.101054658,0.044804301,0,0.011535467,0.014433763,0.020394844,0.036594088,30.38840797,39.42054825,0.079796,0.013305343,35.66256591,19.64887549,12.53028296,40.47374949,13.69800017,0.12819842,0.053222714,0.049518283,0.058996553,0.067542214,0.040356969,18.65979381,2.156894992,0.027359327,48.76565331,4.286282758,5.020012329,6.118973568,1.025359573,0.127404587
7b5c2176966637b4c157ca8c93139695,0.126207384,31.14214479,59.07720531,20.00832854,10.0440022,10.29051157,0.010673498,0.016804463,0,0.011898967,0.022302967,0.009675203,0.00921192,0.004745666,0,0.015005017,0.005592528,0.041522081,23.07248915,60.66944806,27.54944082,2.768655819,2.333721243,0.011656295,0.012953456,0.048874149,0.11589045,0.087708835,0.033128379,0.02873653,0.024333956,0.009040716,0.125244756,27.666518,62.68592694,24.50795428,6.116811631,6.012592079,0,0.025444961,0.00849329,0.007593783,0.036294906,0.023867773,0.020553802,0.012457589,0.010082823,0.004445202,0.00877016,0.074183976,28.60832497,51.85500918,13.04967311,1.817796386,0.508842935,0.029992502,0.018585461,0.027269086,0.041292454,0.013581948,0.00279491,0.010431545,0.014384498,0.012832337,0.04000384,29.96482555,54.02828112,16.54109292,1.862457171,1.503684359,0.058578495,0,0.017346956,0.0103486,0.017965241,0.035647158,0.018497965,0.012656946,0.00559305,0.068023651,36.97100145,54.68034645,44.96632982,9.868667917,10.11741594,0.031411082,0.014801414,0.019068622,0.015927054,0.025581263,0.026046415,0.013444354,0,0.014700529
c4debfffb5552abc5445848e898e9b3b,0,0.070804993,0.034397405,0.182930457,3.410812115,6.808485954,0.035222542,0.05489458,0.035137858,0.049759316,0.03066658,0.033863212,0.023029801,0.02644014,0,0.424829552,0.164047499,0,0.071504141,0.020094925,0.678802328,20.54799589,14.69877361,0.688368961,1.225806012,0.283644615,3.239698834,2.932281763,5.513224849,0.922692488,0.591864609,0.17241936,0.047628288,0.106606329,0.032461134,1.657801526,12.56307815,34.10480021,9.094239597,11.21535571,0.750498016,3.102060447,12.743621,13.33492452,23.44531044,21.92315866,20.54303205,0.285974648,0.030695561,0.108184965,0.098629221,0.049208164,0.681515853,6.709417563,0.818573418,1.310672332,1.249872225,0.414149247,21.58844562,2.522361707,2.657958971,5.766237101,12.15592795,0.268677066,0.051204916,0.075102196,0.024032222,1.300482088,4.528471202,2.805269549,0.334385577,0.076517346,0.076326608,0.022175571,0.064831088,0.039697971,0.03699593,0.08923147,0.095703295,0,0.120533793,0.026062254,0.852921594,13.17156556,6.113700049,24.01417526,33.77353836,0.053889584,0.050767485,17.94383492,19.54088853,1.54878956,0.106281961,0.094503402
0d102db233504b33faacd6e8217d40d4,0.040386363,0.028623295,0.01888485,0.023300085,0.011809225,0,0.049098089,0.039210414,0.107756096,0.973551842,0.027878709,0.007740163,0.025793377,0.009491332,0.096528424,0,0,0.07118071,0.018970486,0.020094925,0.019867385,0.006475306,0.013427625,0.178729852,0.182030147,38.28765928,46.88179922,0.162787597,0.293517439,0.383570201,0.624833195,8.131477834,0.02822417,0.026107672,0.00753562,0,0.031665398,0.030936714,6.757465394,7.240069941,0,0.025312611,3.739060167,0.30849096,0.031241778,0.027113577,0,0.011853871,4.851652737,0.12363996,0.026746907,0.008316873,0.020174382,0.007655119,0.03188402,0.367908023,0.604956742,87.14688664,6.751316197,0.730514756,1.251187837,3.890163855,9.566718382,93.25660665,0.04000384,0.006654625,0.014419333,0.014433763,0.008973731,0.019960412,31.033585,32.63947701,17.57246691,2.099287425,40.86389377,52.85096247,61.46038452,13.78847712,39.90889543,0.115116948,0.045395844,0.026930996,0.037926355,0.025015635,0.028935185,50.56217784,56.54551435,0.010777917,0.060721894,56.1034999,32.13259362,0.043021932,0.041815853,0.031501134
efc35a2abf6cf34053250ba69f3779d1,0.011779356,0.004519468,0,0.004461718,0.002053778,0.010019459,7.327356175,7.806233336,19.34339057,4.883985072,7.586726017,4.171947715,4.015476026,5.501583019,24.36768136,0.007502509,0.02889473,0.023726903,0,0,0,0,0,0.630735059,0.485413727,0.598708326,0.486739889,0.497484511,0.395552846,0.362954865,0.798310752,0.946046301,0,0,0,0.004868727,0.007411051,0.005852892,1.635670108,0.523252779,0.184536035,20.64496532,0.182844151,0.133062832,0.073171534,0.076943934,0.037450486,1.176496736,8.050130237,0.040182987,0.006686727,0,0,0,0,18.01649588,7.394225497,4.162796445,1.736159989,9.886687751,12.29667033,8.934217072,2.116576079,0.86538076,0.012801229,0.007605286,0,0,0,0,1.203299922,0.60545279,2.992349992,4.801750392,0.617066979,0.757502106,0.804363133,1.862469623,1.733845408,0.052325886,0,0.006949934,0,0.005836981,0.004568713,0.649967784,0.957158128,8.397655389,4.790061518,2.416008186,6.968284149,18.18393669,8.634102571,6.212023633
696c19c72e85c4f4e260771c6f28957e,5.322586073,0.600335947,0.169289188,2.810386881,22.28246638,16.950815,0,0.003360893,0.014055143,0,0,0.008707683,0.012896688,0.006779523,0,0.015942831,0.012117145,8.509060711,1.062347233,0.127267856,3.503282258,34.23771773,51.63906544,0.005180575,0,0.01309129,0,0.009823389,0.008613379,0.042480087,0.032183619,0.020018727,4.946285876,0.899626878,0.153031058,3.940017284,45.73494041,2.875442102,0.007901788,0,0,0.007593783,0.003424048,0.003580166,0.032063931,0.016854385,0.010803025,0.003704335,0.005262096,11.78288823,0.891006352,0.122673875,2.830087569,28.31628597,10.35579964,0,0,0,0.009384649,0.011641669,0.016769457,0.004814559,0,0.010426274,5.120491567,1.262477422,0.355676892,5.946710545,34.189101,21.21126433,0.016271804,0.008914642,0.005204087,0.008870229,0,0.003240651,0.001193417,0.012024099,0.022372199,6.451781696,0.540054005,0.02432477,1.017269134,40.21763602,45.99247685,0.004027062,0.024669024,0.004145353,0,0.021791446,0.007813924,0.003585161,0.007840473,0
dfa4024993b2772bac9172cae6b7ce33,0.765658129,9.736439714,0.128821653,0.778321997,5.66483367,1.120070031,0,0,0,0.00757207,0,0,0,0,0,0,0,1.088471691,11.75878297,0.160759397,1.598496701,5.593739304,0.716140005,0,0,0.022691569,0,0,0.014576487,0.05747306,0,0.007749185,1.259503607,10.04492695,0.377360678,2.621200872,5.884374137,3.313572856,0,0.007176784,0,0,0,0,0.014798737,0,0,0,0,3.072453017,17.46656637,0.648716083,2.917720043,17.48252572,0.944157416,0,0,0.011930225,0.014076973,0,0,0,0,0,1.036899542,13.9100675,0.349909158,5.090066684,40.21863273,6.025549327,0.009763083,0,0,0,0.008592072,0,0,0,0,1.559311391,15.27257074,0.274522409,1.223757069,6.646654159,0.703581871,0,0.005756106,0,0,0,0,0,0,0.004200151
095f9e0c806a5918bb36579eee024e2d,1.502709252,1.376177886,2.557548207,59.69233973,26.32070773,9.166750162,0.006404099,0,0,0,0.022302967,0,0.010133112,0.004745666,0,0,0.015845497,0.655455705,0.539929225,0.822935007,35.71990298,5.089590483,0.562169904,0.006475719,0.004090565,0.018327806,0.007476803,0.002806683,0.092759461,0.003748243,0.02354899,0.005166123,1.174831096,0.758210319,1.321052204,50.32194457,12.47818793,6.362929456,0,0.009134088,0.010037525,0.005062522,0,0.022674384,0.005755064,0.01172479,0.007922218,0.005186069,0.00877016,0.417284866,0.70294216,1.075648889,55.55394441,9.312746951,0.310381177,0,0.010222003,0.014486702,0.002815395,0.006790974,0.016769457,0.003209706,0,0,0.968092937,0.539024622,1.091062897,52.7395283,2.774514603,1.138575159,0.090308513,0.003714434,0.006938783,0.014783714,0,0,0.011337463,0.005695626,0.00807885,1.093611009,0.558838493,0.404833679,27.46373819,8.492808005,4.174281189,0.025773196,0.003289203,0,0.015927054,0.01800163,0.009550352,0.014340644,0.004355818,0.002800101
78ba222b6597ac3c1cb9edb756a735bf,0.013462121,1.346801347,12.83090641,4.894009399,13.34134307,7.173932532,0,0.00448119,0.002342524,0,0.006505032,0.006772642,0.003684768,0.003389762,0.004596592,0.006564695,0.02889473,0,0.642077998,6.403582638,12.12821086,2.838034097,3.197565124,0.005828147,0.010226413,0.006982021,0.02243041,0.013331743,0.007950811,0.006871779,0.007064697,0.014852604,0.015876096,2.02552025,6.023858933,4.655111555,3.940657697,6.918954172,0,0.003914609,0,0,0.006163286,0.00835372,0,0.003663997,0.00432121,0.038525082,0.007893144,0,1.431795386,10.84104377,11.6330532,2.756431772,2.638565349,0.010997251,0.003717092,0,0.004692324,0,0.004658183,0,0.003082392,0.003208084,0.012801229,1.329023671,6.92320263,3.799688231,0.8769783,0.901545269,0.013017443,0,0.010408174,0,0,0,0.005370377,0.003164237,0.0049716,0.015697766,2.009940124,16.20290334,7.64089641,3.552220138,9.435916179,0.007248711,0,0.004974423,0.004977204,0.006632179,0.008682138,0.005377742,0,0
0ed10e7340d899607a4be81bffa75215,11.59425167,13.254092,0.089028577,0.026274564,0.051344455,0.107577348,0.022414345,0,0,0.009735518,0,0,0,0,0,0,0,18.43283803,17.86582029,0.064112378,0.038906963,0.031451486,0.0214842,0,0,0.02618258,0,0,0.005300541,0,0,0.017435666,18.56444813,17.26152273,0.058545973,0.038949816,0.048508695,0.180603517,0,0,0,0,0,0,0,0,0,0,0,15.42717606,9.194249415,0.067921128,0.024587528,0.020021081,0.020822217,0,0,0.015338861,0,0,0,0,0,0,11.62031555,13.31400323,0.058638623,0.028145839,0.03671072,0.072356493,0,0,0,0,0.013278657,0,0,0,0,19.3030192,10.18275741,0.03388093,0.039611971,0.015009381,0.012183236,0,0,0,0,0,0,0,0,0.004200151
1a969fbdf674dcd4ae7dcfe6228b76ad,0.00673106,0.003012978,0.004046753,0.004957465,0.010268891,0.0026367,0.084320632,0.070578746,0.007027572,0.115744497,0.049252386,0.036765773,0.012896688,0.010847237,0.054009952,0,0.027962642,0,0,0,0.004139039,0.004625219,0.0071614,0.190386147,0.12817104,0.010473032,0.019439688,0.048415277,0.049030001,0.036857723,0.097335824,0.043266281,0,0.009790377,0.006376294,0,0.001347464,0.005016764,9.722790912,8.474476747,15.38675356,0,8.473833427,9.584700758,11.4640884,20.10508343,37.15160245,0.009631271,2.218850583,0.024727992,0,0.004851509,0,0.001177711,0.00455486,0.8027993,1.589056881,0,0,1.758862221,9.868825579,19.02392836,5.240066991,0,0.043204148,0,0,0,0,0,0.109021088,0.049030533,0.026020435,0,0.038273775,0,0.022078217,0.037970838,0.0087003,0.026162943,0.00782687,0.006081193,0.008428079,0,0.009898879,0,0.001644602,0,0,0.014211813,0,0,0,0
0be8037946badb1a6264cde06b6f60e9,0,0,0.004046753,0,0,0.013710838,0.013875547,0,0.128838811,0.147114501,0,0.048376017,0,0,0.017237219,0.053455374,0,0.035590355,0,0.007655209,0,0,0,0.005828147,0.026588673,0,0,0.01052506,0.005300541,0,0,0,0,0,0,0.012171817,0.020885688,0.008361274,0.295957876,0.743775771,63.03720061,67.1708095,1.218276197,2.915448416,7.556399632,6.560019932,10.61361181,0,0.014909273,0.037091988,0.044299565,0.004851509,0,0,0.001952083,0.086978255,0.006504911,0.010225907,0.005630789,0,0,0.004814559,0.027741531,0.024862654,0,0.022815857,0.011535467,0.00793857,0.005710556,0,0.023594116,0.008914642,0,0.028089057,0.003905487,0.004860976,0,0,0,0.041860708,0.006261496,0.013899869,0.005899655,0.004169272,0,0.748228093,0.506537291,56.90325576,2.820084015,0.305080249,2.619401106,58.35297703,76.40801819,83.33800017
093af645556b4d753378847f32456114,0,0,0,0,0,0.008437439,0.0021347,0.00896238,0.048021739,0.028124831,0.002787871,0.003870081,0.002763576,0.005423619,0,2.101640236,10.99118245,0.017795178,0,0,0,0,0.00537105,10.05290663,9.440342517,1.395531506,0.423187062,14.31618684,8.976465599,5.503045447,5.370739595,6.052759033,0,0,0,0,0.003368659,0.008361274,1.56024395,1.042590949,0.125083003,0.037968916,1.020366236,0.394414941,0.235957643,0.249884584,0.250630176,1.316520592,0.006139112,0.018545994,0,0,0,0.002355421,0.009760414,0.020994751,0.013009822,0.028973404,0.082584908,0.042686121,0.092232015,0.08345236,0.097609091,0.016842443,0,0.003802643,0.001922578,0,0,0,0.004067951,0.001485774,0,0.005913486,0.003905487,0,0,0.001898542,0,0,0,0,0,0.008338545,0.011421784,0.029800258,0.093742291,0.985764859,0.128411874,1.583195952,2.252146659,2.326769501,2.430546481,0.882031753
6f94b05c8ba821b221ff3e57f3637312,0.13462121,0.113739935,0.020908226,0.024291578,0.015916781,0.062226113,0.033087843,0.094104994,0.181545597,0.233652442,0.023232258,0.024188009,0.039611257,0.03796533,0.384964549,30.70495447,13.48358593,0.112702791,0.092663529,0.042103652,0.012417116,0.023126093,0.049234625,7.92239498,11.06566039,0.100366556,0.62655611,10.5601437,21.83889007,21.3250039,11.13082249,0.15562946,0.118188714,0.149031297,0,0.017649135,0.030991666,0.052676026,0.676680387,0.623727752,0.017758698,0,0.389656636,0.112775225,0.064127861,0.03517437,0.077061577,0,0.022802417,0.111275964,0.123704447,0.022178328,0,0.021198792,0.04099374,0.063984004,0.023231826,0.009373748,0.018769297,0.059178486,0.035402187,0.015246104,0,0.004812127,0.107210292,0.077954178,0,0,0.010605319,0,0.014644624,0.017086398,0.041632696,0.039916029,0.021870728,0.016203254,0.014917714,0.070246051,0.042258598,0.094186594,0.097053184,0.034749672,0,0.035021889,0.053301657,0.017719072,0,0.009948846,0.025881463,0,0.010418566,0.012548064,0.004355818,0
2db5b39220fb438920ba7778bcf4bc3e,0,0,0,0,0,0.00158202,0,0,0.037480381,0.045432419,0,0,0,0,0,0.926559818,33.29884607,0,0,0,0,0,0,17.13928625,23.82481473,0.030546343,0,16.12369051,23.36412064,34.61627362,6.974425797,0.355170966,0,0,0,0,0,0,1.290864815,0.354924579,0,0,0.097242957,0.023867773,0,0,0.011523227,0.006667803,0.165756032,0,0,0,0,0,0,0.081979505,0,0,0,0,0.054034918,0,0,0,0,0,0,0,0,0,0.056137725,0.021543719,0,0,0,0,0,0,0,0,0,0,0,0,0,0.09503866,0.018090618,0,0,0,0.030387484,0,0,0
46b3406ef4b0f624f7f0fd5407cf9a95,0.015144886,0.106960733,7.8223745,2.027603165,0.465180758,0.620679108,0,0,0,0,0,0.004837602,0,0,0,1.674935056,0,0,0.075881945,11.11823471,7.409706873,0.140606644,0.070718826,0.001295144,0,0,0.038131696,0.028768498,0.009938514,0.00437295,0,0,0.040572245,0.184929346,13.37108872,2.643110143,0.249280791,2.983302536,0.005028411,0,0,0,0.006163286,0.00417686,0,0,0,0.004445202,0,0.009272997,0.115346038,14.99532176,2.668062061,0.120126486,0.042945823,0,0.003717092,0,0.002815395,0.006790974,0,0,0,0.003208084,0.008000768,0.135944481,21.43674238,4.701076759,0.206395823,0.207920957,0.006508722,0,0.006938783,0,0,0.003240651,0,0,0,0,0.032090166,4.382802387,3.146201886,0.108401084,0.204830653,0,0.005756106,0,0,0,0.003472855,0.002688871,0,0
e96be20c155b93c31a23ea5cc2fd01cd,0,0,0,0,0,0.040077835,0.244423097,1.068763864,8.590034904,15.20038942,1.631833769,1.580928239,2.489060845,2.406730711,7.534962825,0.007502509,0.090412542,0,0,0,0,0.030526442,0.020589025,1.139726595,1.229896577,6.064758248,9.899287461,1.373169517,1.144254214,1.044510386,3.117886243,1.908236738,0,0,0,0,0.009432246,0.067726319,0.44321847,0.503027298,0.393007706,0.560674328,0.396504732,0.285219882,0.268843725,0.2315646,0.125315088,0,0,0.006181998,0,0,0,0,0,0.496875781,0.256479356,2.134658156,2.652101692,0.482159142,0.444390617,0.629904832,0.927800097,0.789188756,0,0,0,0,0.01957905,0.009980206,0.027662067,0.023029493,1.233368605,1.422193312,0.046084749,0.092358546,0.130082465,0.518301944,1.053357694,0.020930354,0,0,0,0.018344799,0.024366472,0.132087629,0.117589014,2.184600844,4.151983914,0.394140943,0.51311437,0.156850795,0.22911603,0.580320892
fc169a62076539bcbb44364586da6a81,0,0,0,0.018838367,3.399002891,16.65128592,0.018144946,0.030248034,0.010541357,0.017307588,0.028807999,0.022252968,0.01381788,0.008135428,0.029877846,7.583160619,2.448595343,0,0,0,0.055463117,19.18540651,15.55187539,2.275567759,1.858480082,2.341595392,0.485992209,1.113551366,0.867963532,0.524754022,0.88858188,0.282845242,0,0,0,0.022517862,0.91223295,2.518415706,0.870633364,0.814238739,0.084160786,0.036703286,0.577979264,0.317441375,0.182517758,0.121644695,0.064818149,0.27560251,0.014032257,0,0,0,0.022065731,0.942757374,0.204318007,4.125968508,2.384514594,0.109928504,0.104169599,2.664972157,1.380685312,0.880261912,0.455166603,0.025664675,0,0,0,0.014433763,0.828846468,0.546416274,0.728976829,0.161949335,0.069387826,0.036959286,0.10701035,0.096409359,0.077572112,0.144922033,0.099431995,0,0,0,0.039611971,5.607671461,4.445358187,0.100676546,0.176794671,0.024043045,0.028867786,0.141170674,0.159751344,0.043918222,0.025263745,0.020300731
fbc59ceaed3195e704bfa8c234e92efe,11.77599031,1.753553431,0.01888485,0,0.06212679,0.484625404,0,0,0,0,0,0,0,0,0,0,0,5.816057182,2.231221043,0.022008727,0.014072731,0,0.047444275,0.001942716,0,0.004363763,0,0,0,0,0,0.007103419,9.527421546,2.552024976,0.011593262,0,0.016169565,0.130435873,0,0.001957305,0,0,0,0,0,0,0,0,0,3.573194857,1.664994985,0.017326818,0.018913483,0.013543672,0.333155477,0,0,0,0,0,0,0,0,0,10.2249816,3.046867573,0.010574178,0.008660258,0,0.108118898,0,0,0,0,0,0.001620325,0,0,0,6.85730731,1.66555786,0.014768611,0.021913005,0.025015635,0.093658626,0,0,0,0,0,0.004341069,0,0,0
c7d5a0b6f33de55db33b5cf13f49da1f,4.548514118,0.432362401,0.011465802,0.008923437,0.018484004,0.100194588,0,0,0,0,0,0,0,0,0,0,0,8.523890026,0.764656525,0.025836332,0.02897327,0.059202797,0.193357801,0,0,0,0,0,0,0,0,0.007749185,5.223235548,0.524329087,0.014491577,0.018866317,0.02155942,0.224918269,0,0,0,0,0,0,0,0,0,0,0,10.29611771,0.475593447,0.023564473,0.008826292,0.017076804,0.012363192,0,0,0,0,0,0,0,0,0,6.731846257,0.713946193,0.042296711,0.012990387,0.013868494,0.035762405,0,0,0,0,0,0,0,0,0,7.702370363,0.648064806,0.013899869,0.012642118,0.08171774,0.149244639,0,0,0.007461635,0,0,0,0,0,0
fbc540eeabaebbbcb4e9ebecfaf2f073,0,0,0,0.001982986,0,0,0,0,0.010541357,0.117907945,0,0,0,0.002033857,0,0,0,0,0,0,0,0,0,0.001295144,0,0.022691569,0.026168811,0.006315036,0.003975405,0.001874122,0.00863463,0.0167899,0,0,0,0,0,0,0.002155033,0,0.003088469,0.026578241,0.002054429,0.002386777,0,0,0,0,0,0,0,0,0,0.001177711,0,0.021994501,0.010222003,0,0,0,0,0,0,0,0,0,0,0,0,0,0.459678469,0.637396924,6.527659722,4.139439993,1.244288225,1.90712295,2.493645054,5.180488052,7.428191456,0,0,0,0.002528424,0.004169272,0.003045809,0,0.002466902,11.93281212,10.80451532,0.003789817,0.009550352,0.023303547,0.063594944,1.223644051
67ca51316eef6b2c724576f1784f8fcd,4.004980985,0.355531452,0,0.013385155,0.019510893,0.131834985,0,0,0,0,0,0,0,0,0,0,0,8.532787615,0.694611652,0.018181122,0,0.059202797,0.220213052,0,0,0,0,0,0,0,0,0,4.946285876,0.486255398,0.011593262,0.015823363,0.04311884,0.302678116,0,0,0,0,0,0,0,0,0,0,0,10.18484174,0.323470411,0.019406037,0.010717641,0.01884337,0.016267357,0,0,0,0,0,0,0,0,0,6.160591417,0.486738283,0,0.005051817,0.014684288,0.029108934,0,0,0,0,0,0,0,0,0,6.695097065,0.479004422,0,0.01601335,0.065874505,0.121832359,0,0,0,0,0,0,0,0,0
cae834c0c8ece68298a10b0d9ef11ed6,5.406724329,0.091142597,0.001348918,0,0,0,0,0,0.002342524,0,0,0,0,0.002033857,0,0,0,6.77996263,0.157600963,0,0,0,0,0.001942716,0,0,0,0,0,0,0,0,3.919631675,0.097903771,0,0,0.002021196,0,0,0,0,0,0,0,0,0,0,0,0,5.087784372,0.1370779,0,0,0,0,0,0,0,0,0,0,0,0,0,4.651646558,0.203441392,0,0,0,0,0,0.001485774,0,0,0,0,0,0,0,5.410496573,0.089226314,0,0,0.002501563,0,0,0,0,0,0,0,0,0,0
7744dfc55a8a5b71f0c50ad9092a6910,3.188839902,2.922589052,0.050584419,0.184417696,0.265964275,0.738275915,0,0,0.011712619,0.011898967,0,0.008707683,0.011054304,0,0.017237219,0.027196594,0.008388793,2.589198327,3.791178724,0.084207303,0.146521966,0.593878061,0.511144929,0.014894154,0.01636226,0.254843777,0.178695597,0.014735084,0.013913919,0.02873653,0.204091244,0.301572439,3.683254247,2.485667976,0.105498684,0.14727899,0.555155059,1.484962249,0.004310066,0,0.004632704,0,0.004108857,0,0.016443041,0,0,0.017780807,0,3.699925816,2.698094283,0.156634439,0.941261025,8.798676253,2.826615999,0,0,0,0,0,0,0,0,0,2.973085416,2.371898469,0.084593423,0.491469646,5.18844836,7.724679386,0,0,0.043367391,0.156707371,0,0,0,0.019618267,0.067738046,2.618910575,1.534849137,0.030405963,0.092708869,0.319366271,0.16295078,0,0,0.019897693,0.025881463,0,0,0,0.015680945,0.011200403
f19bad1c62889e65ce10b474d217ad40,1.398377814,6.0342425,0.084307364,0.209205021,0.284961723,0.733529855,0,0,0,0,0,0,0,0,0,0.01312939,0,1.628258742,6.487176681,0.142578275,0.158939082,0.312664773,0.234535852,0,0,0,0,0,0,0,0,0,1.564677451,4.317556322,0.142017459,0.135715764,0.369878796,1.010878017,0,0,0,0,0,0,0,0,0,0,0,1.894782394,5.75225677,0.162179021,0.221287756,0.385700237,0.654598457,0,0,0,0,0,0,0,0,0,1.489743015,2.700827075,0.095167601,0.24104385,0.159079785,1.707446897,0,0,0,0,0,0,0,0,0,1.200879075,2.727664071,0.050387024,0.15254823,0.395247029,0.274122807,0,0,0,0,0,0,0,0,0
daa79e85e79ce738671891283821b23d,0.060579544,0.799192522,0.083632906,0.242915783,0.238238269,1.38848606,0,0,0,0,0,0,0,0,0,0.007502509,0.021438025,0,1.087884426,0.204776851,0.179634275,0.528199957,0.794020231,0,0,0.016582301,0,0,0,0,0.080851531,0.00839495,0.063504384,0.78866927,0.175637919,0.186228806,0.449379156,2.515071196,0,0,0,0,0,0.007160332,0,0.018319984,0,0,0,0.108184965,0.766466065,0.345150224,1.013132262,11.09638973,63.89557658,0,0.011151276,0,0,0,0,0,0,0,0.064006145,0.564692461,0.119199823,0.326203054,2.801435797,42.84751909,0,0,0,0,0,0,0,0,0,0.060174768,0.926701366,0.133786237,0.278126607,0.656243486,0.526163499,0.020135309,0,0,0,0,0,0,0,0
923fc4c1a3c40e8ee3a455a2e54fbfff,0,0,0,0,0,0,1.010780233,2.336940691,0,0,0.170989415,0.023220488,0.007369536,0.016270856,0.275795498,0,0,0,0,0,0,0,0,0,0,0,0,0,0,0,0,0,0,0,0.004057642,0,0,0,0,0.035883919,0.009265408,0,0.029446811,0.034011576,0.022198106,0.043235163,0.138278718,0.003704335,0.141199583,0,0,0,0,0,0,0.009997501,0.049251471,0,0,0.231863249,2.060779966,29.68416491,51.14716369,0,0,0,0,0,0,0,1.322897683,0.024515266,0,0,0,0,0,0,0,0,0,0,0,0,0,1.649484536,1.798371844,0.013265128,0.058731012,2.431167453,14.6649997,0.166709987,0.025263745,0.011200403
05c5732b831fef94e68398c8c9b441c9,6.774812372,0.851919644,0.009442425,0.037180987,0.041075564,0,0,0,0,0,0,0,0,0,0,0,0,1.696473589,0.623837146,0.03253464,0,0.022201049,0.017008325,0,0,0,0,0,0,0,0,0.004520358,5.759494787,1.107400437,0.033040797,0.025560816,0.105102171,0.017558675,0,0,0,0,0,0,0,0,0,0,0,1.369312562,2.186559679,0.055445819,0.018283034,0.14485841,0,0,0,0,0,0,0,0,0,0,6.050180817,1.72925183,0.033645111,0.049074796,0.071789852,0.015801993,0,0,0,0,0,0,0,0,0,2.624143164,0.127577975,0,0,0,0,0,0,0,0,0,0,0,0,0
0e8b3dc00ca97702cb7ac2e86e555557,7.291421263,0.271921301,0.005395671,0.003965972,0.018484004,0.074354931,0,0,0,0,0,0,0,0,0,0,0,3.879348697,0.323957535,0.006698308,0.002483423,0,0.031331125,0,0,0,0,0,0,0,0,0.003874592,6.876113532,0.231705592,0.003477979,0,0.009432246,0.032608968,0,0,0,0,0,0,0,0,0,0,0,2.516073195,0.215646941,0.004851509,0.001260899,0.009421685,0.034486797,0,0,0,0,0,0,0,0,0,7.701539348,0.296606141,0.004806444,0,0.002447381,0.047405978,0,0,0,0,0,0,0,0,0,3.471822511,0.377255117,0.00955616,0.010113695,0.020846362,0.060154727,0,0,0,0,0,0,0,0,0
f7e8ddeb6d6ab6d068f03cc6cdd317a2,0.010096591,0.045194676,0.169963647,0.022804339,0.007188224,0.006855419,0,0,15.23577502,30.78262751,0,0,0,0,0.12640627,0.021569712,0,0.038556218,0.030644632,0.164587001,0.059602156,0,0,0,0.004090565,4.753010997,1.007125393,0.008420048,0.003975405,0,0,8.537018501,0.019404117,0.059830083,0.081152834,0.014606181,0.002694927,0.009197401,0,0.00130487,0,0,0,0,0,0,0,0,0.011401209,0.049455984,0.052657974,0.112277784,0.021435281,0,0.00455486,0,0,0,0,0.031044452,0.012111275,0.004012133,0,0,0.014401383,0.022815857,0.053832178,0.013712075,0.002447381,0,0,0.001485774,0,0,0,0,0,0.003797084,0.0062145,0.023546649,0.056353461,0.131180012,0.047197242,0,0,0,0,0,0.152302455,0,0,0,0,0
7e7d9b6e08ad4ed61273211699baee69,0,0,0,0,0,0,0,0,0.073789501,4.893720591,0,0,0,0,0,0.480160554,0,0,0,0,0,0,0,0.006475719,0.007499369,4.343689998,6.948193231,0,0.004637973,0,0.022764023,0.340964128,0,0,0,0,0,0,0.296676221,0.105694452,0.004632704,0,0.018489858,0.00417686,0,0,0.007922218,0,0,0,0,0,0,0,0,0,0,0,0,0.003880556,0.010248002,0.010431545,0,0,0,0.006654625,0,0,0,0,0.005695131,0,21.34716464,37.21208716,0,0,0.00417696,0.137327866,3.493791715,0,0,0,0,0,0,0,0,0,0,0,0,0,0,0
c896f589fe8122f53922dec0f3b818cd,0.021875947,0,0,0,0.001540334,0,0,0.005601488,0,0,0,0,0,0.004067714,0,0,0,0,0,0.003827605,0,0,0,0.003885432,0,0,0,0,0,0.004997657,0,0,0,0,0,0,0,0,0,0,0,0,0.008217715,0,0,0,0.005041412,59.56199945,0,0,0,0.006930727,0,0,0.003253471,0.007998,0.008363457,1.850889228,61.18133956,0,0,0.070613535,0.006164785,0.141957733,0.009600922,0,0,0,0.005710556,0,0,0,0.010408174,0,0,0.004860976,0,0,0.0012429,0,0,0.005212451,0,0,0,0,0,0.020726763,6.575882458,0,0.008682138,0,0.000871164,0.002800101
72ceb780c4a419f55a1839f39a95d20a,0.339918554,0.662102004,0.011465802,0.11451744,4.657455472,5.324551366,0,0,0,0,0,0,0,0,0,0,0,0.444879438,0.667615191,0.008612111,0.165561543,2.128525573,1.28905201,0,0,0,0,0,0,0,0,0,0.536259239,0.700555876,0.010433936,0.210572441,2.067683103,5.424794522,0,0,0,0,0,0,0,0,0,0,0,1.174579624,0.865095286,0.023564473,0.291898094,1.904946974,0.444424201,0,0,0,0,0,0,0,0,0,0.476845777,0.61602814,0.011535467,0.211454635,1.567139827,1.249189108,0,0,0,0,0,0,0,0,0,0.504944796,0.740421868,0.010424902,0.11630749,1.515947467,0.999025341,0,0,0,0,0,0,0,0,0
3fd6c347c11a5b617aa14d287da36e43,0.013462121,0.091142597,3.822833132,0.319756489,0.105769576,0.168748781,0,0,0,0,0,0,0,0,0,0,0,0,0.095582066,5.166309424,1.388233541,0.035151661,0.0322263,0,0,0,0.005233762,0,0,0,0,0,0,0.096815952,2.516897179,0.230047348,0.046487499,0.229935033,0,0,0,0,0.004793667,0,0,0,0,0,0,0,0.132062855,4.983886059,0.60460102,0.032387043,0.029931937,0,0,0,0.005630789,0,0,0,0,0,0,0.148303071,2.883866688,0.45827199,0.012236907,0.019128728,0,0,0,0,0,0.004860976,0,0,0,0,0.171408445,12.87562224,1.962056788,0.07421305,0.305342349,0,0,0,0,0,0,0,0,0
96c756a8bbb8ea9aaba180b9a5fd6444,0,0,0,0,0,0.005800739,0.850677767,2.475857588,1.941952259,1.884363676,1.799106023,1.009123717,1.006862881,1.613526505,5.379161352,0.030010035,0.337415879,0,0,0,0,0,0,0.237658898,0.486095487,0.067201955,0.056076024,0.625890245,0.398865684,0.239887553,0.184467086,0.407477963,0,0,0,0,0,0,0.142232183,0.082859231,0.032428927,0.008859414,0.063687289,0.029834716,0.026308866,0.027113577,0.018725243,1.266882506,1.575997825,0.009272997,0,0,0.001260899,0,0,0.517870532,0.405163041,0.103963391,0.103231135,0.779991851,0.681026291,0.4565807,0.496265168,0.18366283,0,0,0,0,0,0,0.601243166,0.94123765,1.063368432,0.97424677,0.56473345,0.723475274,0.745288986,1.577688335,1.039685795,0.013081471,0,0,0.003371232,0,0.007614522,0.008859536,0.004933805,0.26696071,0.303609469,0.074848881,0.087689596,0.077080962,0.088858689,0.061602218
4a03adafa93d3053366fde81669d4c1c,0.074041665,1.412333627,0.253596552,0.352971504,1.403243943,0.153983262,0,0,0,0,0,0.003870081,0,0,0,18.95321248,0.175232556,0.077112436,0.89234249,0.450700452,0.539730631,0.499523602,0.04833945,0.011008723,0,2.12777099,2.441176251,0,0,0.004997657,0.138154073,0.661263763,0.044100266,1.277100308,0.326350325,0.268388573,1.391256308,0.189800918,0.255730592,0.17093794,0.035517396,0,0.194485913,0.072796706,0.083859511,0.04616636,0.119553475,0.015558206,0,0.089638971,1.522066199,0.526042208,0.609644616,1.250728708,0.093049284,0,0,0,0,0.027163895,0.004658183,0.003209706,0,0,0.059205684,1.476376081,0.288386669,0.29228371,0.330396476,0.116435736,0,0,0,0,0,0,0,0.003797084,0,0.083721417,0.96427034,0.224135385,0.33290912,0.913070669,0.197216131,0.002416237,0.001644602,0,0,0.002842363,0,0,0.003484654,0
fe8ecaf6c385a878bee7096c51125295,0,4.562402549,5.178495552,1.89821333,0.623835123,0.586929352,0,0,0,0,0,0,0,0,0,0,0,0,2.890080625,4.373995254,2.195346065,0.141531687,0.093993376,0,0,0,0.004486082,0,0,0,0,0,0,3.345045525,4.261103447,2.134328177,0.325412492,0.292644587,0,0,0,0,0,0,0,0,0,0,0,0,2.837679706,3.397442562,0.846063158,0.068896073,0.027979855,0,0,0,0,0,0,0,0,0,0,3.351079,3.864381363,1.42605583,0.110947952,0.055722816,0,0,0,0,0,0,0,0,0,0,2.085078073,2.539332285,2.326149801,0.366895977,0.338846248,0,0,0,0,0,0,0,0,0
9906c629d9eba14db577c3ec338afafe,0,0,0,0,0,0,0,0,0,0,0,0,0,0,0,0,0,0,0,0,0,0,0,0.072528056,0.059994955,0.64932798,0.525619266,0.081393799,0.100710272,0.126815555,0.464700064,0.269929934,0,0,0,0,0,0,0.977666674,0.543478261,14.54668993,3.372905381,0.495117308,0.510173638,0.754735596,0.827330485,2.002160605,0,0.002631048,0,0,0,0,0,0,0,0,0,0,0,0,0,0.006164785,0,0,0,0,0,0,0,0,0,0,0.008870229,0,0,0,0,0,0,0,0,0,0,0,0.005637887,0.002466902,0,0.035835872,0,0.004341069,0.004481451,0,0
541aeda1c8e127e321a70e8b0ebb5732,0,0,0,0,0,0,0,0,0,0,0,0,0,0,0,0.503605893,6.220755737,0,0,0,0,0,0,0.150236688,0.102945889,0.053237912,0.135330138,0.108758955,0.28490406,0.799000469,1.264580749,0.690968971,0,0,0,0,0,0,0,0,0,0,0,0,0,0,0,0,0,0,0,0.027029837,0,0,0,0,0,0,0,0,0.007453092,0,0,0,0,0,0,0,0,0,0.018712575,0.002971547,0,0,0,0,0,0,0,0,0.0180018,0,0,0,0,0,0,0,0,0,0,0,0,0
8836e7175dad36aa23c94614e819d068,0,0.051220633,0.036420781,0.019334113,0.031320117,0.076464291,0,0,0,0,0,0,0,0,0,13.34227382,0.067110341,0,0.091933895,0.097603919,0.066224617,0.04995236,0.076089876,0,0,0,0,0,0,0,0,0,0,0.132714001,0.042315406,0.023735044,0.036381521,0.173914498,0,0,0,0,0,0,0,0,0,0,0,0,0.075225677,0.394358388,0.111589552,0.068307218,0.055309015,0,0,0,0,0.029104174,0,0,0,0,0,0.0798555,0.098051467,0.064230247,0,0.054891133,0,0,0,0,0,0,0,0,0,0,0.108010801,0.079055504,0.074167095,0.045861997,0.123355263,0,0,0,0,0,0,0,0.006098145,0
80f3e7582cfd9bed20d88efecd9c8f4d,0,0.018831115,0,0.005948958,0.002567223,0.007382759,0,0,0,0,0,0,0,0,0,19.51590063,0,0,0.022618657,0,0,0,0,0,0,0,0,0,0,0,0,0,0,0.015229476,0.001159326,0,0.004042391,0.010869656,0,0,0,0,0,0,0,0,0,0,0,0,0.023403544,0,0.009456742,0.021787647,0,0,0,0,0,0.040745843,0,0,0,0,0,0.017111893,0,0,0.008157938,0,0,0,0,0,0,0,0,0,0,0,0.025045983,0,0,0,0,0,0,0,0,0,0,0,0,0
Other,35.44576448,21.78232738,7.432537247,6.032739099,6.86680735,17.80985176,3.107055182,4.099168739,7.87322261,8.098869598,3.05550651,3.203459853,2.922942287,3.422981228,10.1297388,2.051936116,4.253117835,30.90725747,23.90864981,9.701064074,6.283888378,4.702922213,7.115746128,4.972057271,4.747100812,3.769418747,3.30026094,4.642253205,3.815064137,3.668280494,6.387270986,5.958477285,31.42055778,22.60054173,8.199334547,6.12303273,6.238757099,21.94834405,4.002614773,3.171485986,2.476952299,3.202045259,3.498007204,2.614714482,2.119508024,2.496647443,1.535469932,5.20014521,4.973557966,28.47119189,21.50869274,10.00450497,5.809591658,8.432408242,15.52556578,2.659335166,2.905836764,3.001303803,5.074279494,4.707115,6.702193072,4.98066152,6.620978762,3.772707222,34.23048613,21.48588269,8.085400906,6.183424266,4.090389949,11.4314942,3.600136683,3.659460664,2.922962166,3.122320452,4.173403632,3.4755979,3.293831227,4.18944917,3.850503996,33.58275339,21.33448127,7.694446134,8.016788733,7.489681051,14.96253655,2.865657216,3.70117589,7.237785718,3.701049195,8.268432721,9.541669922,5.429726363,4.007352621,3.392322124