Time (d), O2 MC1 (%), CO2 MC1 (%), Time (d), O2 MC2 (%), CO2 MC2 (%), pH MC2, DO MC2 (uM), Time (d), O2 MC3 (%), CO2 MC3 (%), Time (d), O2 MC4 (%), CO2 MC4 (%), Time (d), O2 MC5 (%), CO2 MC5 (%), pH MC5, DO MC5 (uM), Time (d), O2 MC6 (%), CO2 MC6 (%)
33.49797,20.84,0.215,33.4995,20.81,0.243,6.59,181.11,33.5009,20.84,0.223,33.5024,20.85,0.214,33.5038,20.85,0.213,6.79,248.26,33.5053,20.8,0.236
33.53968,20.83,0.213,33.5412,20.78,0.247,6.58,176.78,33.5426,20.79,0.225,33.5441,20.8,0.215,33.5456,20.83,0.223,6.79,246.09,33.547,20.78,0.253
33.58138,20.83,0.215,33.5829,20.78,0.246,6.57,176.13,33.5843,20.82,0.233,33.5858,20.82,0.233,33.5872,20.82,0.233,6.78,244.51,33.5887,20.78,0.253
33.62307,20.82,0.225,33.6246,20.77,0.253,6.57,175.37,33.626,20.81,0.233,33.6275,20.82,0.224,33.6289,20.81,0.227,6.78,244.51,33.6304,20.77,0.253
33.66477,20.81,0.226,33.6662,20.77,0.254,6.56,175.84,33.6677,20.8,0.238,33.6691,20.82,0.234,33.6706,20.82,0.234,6.78,244.69,33.6721,20.78,0.254
33.70647,20.8,0.23,33.7079,20.75,0.258,6.57,175.37,33.7094,20.81,0.238,33.7109,20.82,0.228,33.7123,20.82,0.229,6.78,244.51,33.7138,20.79,0.255
33.74816,20.79,0.221,33.7497,20.75,0.254,6.56,175.2,33.7511,20.79,0.238,33.7525,20.8,0.221,33.754,20.8,0.226,6.78,244.51,33.7555,20.77,0.249
33.78986,20.8,0.23,33.7914,20.76,0.262,6.56,175.49,33.7928,20.78,0.248,33.7942,20.8,0.238,33.7957,20.8,0.238,6.77,245.04,33.7972,20.76,0.258
33.83156,20.81,0.235,33.833,20.74,0.263,6.55,175.2,33.8345,20.77,0.249,33.8359,20.77,0.238,33.8374,20.79,0.237,6.77,244.51,33.8389,20.75,0.263
33.87325,20.8,0.226,33.8747,20.74,0.263,6.55,175.14,33.8762,20.77,0.238,33.8776,20.77,0.233,33.8791,20.79,0.233,6.77,244.57,33.8806,20.76,0.253
33.91494,20.79,0.227,33.9164,20.73,0.256,6.55,177.01,33.9179,20.77,0.233,33.9193,20.77,0.226,33.9208,20.8,0.226,6.77,244.69,33.9223,20.76,0.253
33.95663,20.8,0.235,33.9581,20.75,0.263,6.55,176.54,33.9596,20.8,0.233,33.961,20.79,0.233,33.9625,20.82,0.233,6.77,244.63,33.964,20.77,0.253
33.99833,20.79,0.225,33.9998,20.75,0.246,6.54,176.37,34.0013,20.8,0.225,34.0027,20.79,0.224,34.0042,20.82,0.23,6.77,244.57,34.0057,20.79,0.245
34.04003,20.79,0.237,34.0415,20.74,0.255,6.55,176.48,34.043,20.78,0.235,34.0444,20.78,0.226,34.0459,20.79,0.225,6.76,245.92,34.0474,20.75,0.245
34.08172,20.8,0.232,34.0832,20.76,0.261,6.54,176.37,34.0847,20.79,0.24,34.0861,20.78,0.23,34.0876,20.78,0.23,6.77,246.33,34.0891,20.74,0.251
34.12343,20.77,0.244,34.1249,20.73,0.262,6.54,176.48,34.1264,20.79,0.243,34.1278,20.79,0.238,34.1293,20.82,0.234,6.76,246.33,34.1307,20.78,0.256
34.16512,20.79,0.241,34.1666,20.73,0.262,6.54,176.43,34.1681,20.78,0.242,34.1695,20.78,0.234,34.171,20.82,0.237,6.76,246.27,34.1724,20.78,0.253
34.20682,20.78,0.238,34.2083,20.74,0.262,6.55,177.36,34.2098,20.77,0.24,34.2112,20.77,0.231,34.2127,20.79,0.228,6.76,246.27,34.2141,20.75,0.248
34.24852,20.8,0.235,34.25,20.75,0.253,6.54,177.25,34.2515,20.79,0.236,34.2529,20.79,0.223,34.2544,20.81,0.224,6.76,247.15,34.2558,20.77,0.243
34.29022,20.77,0.244,34.2917,20.72,0.262,6.54,177.3,34.2932,20.76,0.243,34.2946,20.76,0.233,34.2961,20.78,0.232,6.75,246.33,34.2976,20.74,0.252
34.33191,20.76,0.236,34.3334,20.72,0.261,6.54,177.01,34.3349,20.76,0.243,34.3363,20.76,0.233,34.3378,20.78,0.233,6.76,246.27,34.3392,20.75,0.253
34.37361,20.76,0.235,34.3751,20.71,0.258,6.54,177.19,34.3766,20.76,0.243,34.378,20.74,0.233,34.3795,20.76,0.233,6.75,247.09,34.3809,20.74,0.253
34.41535,20.81,0.235,34.4168,20.75,0.263,6.54,179.06,34.4183,20.78,0.244,34.4197,20.77,0.235,34.4212,20.78,0.233,6.75,246.45,34.4227,20.75,0.253
34.45704,20.84,0.235,34.4585,20.79,0.253,6.55,178.83,34.46,20.81,0.226,34.4614,20.82,0.214,34.4629,20.8,0.223,6.76,247.15,34.4644,20.77,0.244
34.49874,20.77,0.234,34.5002,20.74,0.246,6.55,176.89,34.5017,20.79,0.225,34.5031,20.77,0.215,34.5046,20.81,0.213,6.76,246.33,34.5061,20.77,0.233
34.54044,20.78,0.24,34.5419,20.74,0.255,6.54,177.19,34.5434,20.79,0.243,34.5448,20.79,0.233,34.5463,20.81,0.233,6.77,247.21,34.5478,20.8,0.253
34.58213,20.79,0.229,34.5836,20.75,0.248,6.54,177.19,34.5851,20.79,0.237,34.5865,20.78,0.227,34.588,20.79,0.227,6.76,246.27,34.5895,20.77,0.241
34.62383,20.79,0.235,34.6253,20.73,0.253,6.53,177.54,34.6268,20.77,0.234,34.6282,20.76,0.223,34.6297,20.77,0.223,6.76,246.86,34.6312,20.72,0.243
34.66553,20.78,0.235,34.667,20.73,0.253,6.54,177.42,34.6685,20.76,0.233,34.6699,20.74,0.224,34.6714,20.77,0.223,6.76,246.27,34.6729,20.73,0.24
34.70722,20.78,0.242,34.7087,20.74,0.256,6.54,176.43,34.7102,20.77,0.243,34.7116,20.75,0.235,34.7131,20.77,0.234,6.75,246.21,34.7146,20.74,0.253
34.74892,20.78,0.238,34.7504,20.72,0.26,6.53,176.84,34.7519,20.75,0.244,34.7533,20.76,0.239,34.7548,20.79,0.233,6.76,246.91,34.7563,20.77,0.249
34.79062,20.78,0.237,34.7921,20.73,0.256,6.53,177.01,34.7936,20.77,0.243,34.795,20.75,0.233,34.7965,20.78,0.234,6.74,246.21,34.7979,20.74,0.245
34.83231,20.78,0.244,34.8338,20.73,0.262,6.53,177.77,34.8353,20.76,0.242,34.8367,20.76,0.237,34.8382,20.79,0.233,6.75,246.74,34.8396,20.75,0.252
34.87402,20.8,0.238,34.8755,20.75,0.253,6.54,177.36,34.877,20.78,0.243,34.8784,20.78,0.233,34.8799,20.81,0.233,6.76,246.27,34.8813,20.77,0.249
34.91571,20.79,0.245,34.9172,20.74,0.264,6.53,177.3,34.9186,20.78,0.243,34.9201,20.76,0.233,34.9216,20.79,0.233,6.75,246.27,34.923,20.76,0.243
34.95741,20.79,0.242,34.9589,20.75,0.26,6.53,178.01,34.9603,20.79,0.242,34.9618,20.77,0.23,34.9633,20.79,0.23,6.76,247.97,34.9647,20.76,0.25
34.99911,20.78,0.235,35.0006,20.73,0.253,6.53,177.36,35.002,20.77,0.233,35.0035,20.78,0.233,35.005,20.8,0.225,6.75,248.03,35.0064,20.77,0.244
35.04081,20.77,0.235,35.0423,20.72,0.254,6.54,177.3,35.0437,20.77,0.233,35.0452,20.76,0.233,35.0467,20.78,0.224,6.75,247.91,35.0481,20.76,0.243
35.0825,20.81,0.236,35.084,20.74,0.254,6.53,177.07,35.0854,20.79,0.235,35.0869,20.77,0.234,35.0884,20.81,0.227,6.75,248.03,35.0898,20.77,0.244
35.1242,20.79,0.235,35.1257,20.75,0.253,6.53,177.01,35.1271,20.78,0.233,35.1286,20.77,0.234,35.1301,20.8,0.223,6.75,247.97,35.1315,20.76,0.243
35.16589,20.8,0.237,35.1674,20.76,0.253,6.53,177.19,35.1688,20.79,0.235,35.1703,20.77,0.233,35.1718,20.81,0.223,6.75,246.91,35.1732,20.77,0.244
35.20759,20.82,0.243,35.2091,20.77,0.262,6.53,177.19,35.2105,20.81,0.242,35.212,20.79,0.241,35.2135,20.81,0.232,6.75,246.33,35.2149,20.78,0.251
35.24929,20.79,0.235,35.2508,20.75,0.254,6.53,177.54,35.2522,20.79,0.242,35.2537,20.76,0.233,35.2552,20.8,0.223,6.74,248.03,35.2566,20.77,0.243
35.29098,20.8,0.239,35.2925,20.75,0.254,6.53,177.71,35.2939,20.78,0.243,35.2954,20.77,0.235,35.2969,20.8,0.223,6.74,248.09,35.2983,20.77,0.248
35.33269,20.76,0.242,35.3342,20.73,0.263,6.53,177.89,35.3356,20.78,0.243,35.3371,20.76,0.237,35.3385,20.79,0.233,6.75,246.27,35.34,20.76,0.245
35.37438,20.79,0.235,35.3759,20.74,0.255,6.53,177.89,35.3773,20.79,0.234,35.3788,20.77,0.234,35.3802,20.78,0.224,6.74,246.27,35.3817,20.75,0.244
35.41608,20.76,0.242,35.4176,20.71,0.254,6.52,178.18,35.419,20.75,0.243,35.4205,20.72,0.243,35.4219,20.75,0.233,6.74,247.73,35.4234,20.72,0.251
35.45912,20.77,0.235,35.4606,20.72,0.252,6.53,178.18,35.4621,20.75,0.229,35.4635,20.73,0.224,35.465,20.76,0.22,6.74,246.62,35.4665,20.74,0.234
35.502,20.79,0.234,35.5035,20.75,0.242,6.55,179.53,35.5049,20.79,0.222,35.5064,20.77,0.229,35.5079,20.79,0.224,6.75,246.33,35.5093,20.76,0.242
35.54376,20.8,0.228,35.5453,20.76,0.236,6.55,178.36,35.5467,20.8,0.223,35.5481,20.77,0.224,35.5496,20.8,0.223,6.75,244.63,35.5511,20.78,0.233
35.58546,20.79,0.227,35.5869,20.75,0.237,6.54,178.24,35.5884,20.79,0.224,35.5898,20.77,0.223,35.5913,20.81,0.219,6.74,244.57,35.5928,20.79,0.233
35.62715,20.81,0.24,35.6287,20.76,0.252,6.55,178.3,35.6301,20.79,0.232,35.6315,20.78,0.236,35.633,20.82,0.232,6.74,245.39,35.6345,20.79,0.242
35.66885,20.81,0.224,35.6703,20.77,0.243,6.55,179,35.6718,20.81,0.229,35.6732,20.8,0.222,35.6747,20.82,0.215,6.74,244.63,35.6762,20.8,0.232
35.71054,20.79,0.225,35.712,20.75,0.243,6.53,179.47,35.7135,20.79,0.227,35.7149,20.76,0.226,35.7164,20.8,0.221,6.74,246.33,35.7179,20.78,0.233
35.75225,20.78,0.237,35.7537,20.74,0.252,6.54,178.89,35.7552,20.78,0.232,35.7566,20.76,0.232,35.7581,20.8,0.226,6.74,246.74,35.7596,20.77,0.241
35.79395,20.8,0.229,35.7954,20.76,0.243,6.54,179.12,35.7969,20.79,0.227,35.7983,20.77,0.223,35.7998,20.8,0.213,6.73,246.27,35.8013,20.77,0.233
35.83564,20.78,0.235,35.8371,20.76,0.248,6.54,179.41,35.8386,20.79,0.233,35.84,20.77,0.227,35.8415,20.82,0.223,6.74,246.21,35.843,20.79,0.233
35.87734,20.77,0.228,35.8788,20.73,0.243,6.54,179.53,35.8803,20.77,0.233,35.8817,20.76,0.226,35.8832,20.81,0.223,6.73,246.5,35.8847,20.77,0.233
35.91903,20.77,0.236,35.9205,20.72,0.251,6.54,179.41,35.922,20.76,0.233,35.9234,20.76,0.231,35.9249,20.78,0.221,6.74,246.33,35.9263,20.75,0.241
35.96073,20.79,0.226,35.9622,20.75,0.247,6.53,178.54,35.9637,20.78,0.233,35.9651,20.78,0.226,35.9666,20.81,0.223,6.73,246.39,35.968,20.79,0.233
36.00242,20.8,0.238,36.0039,20.75,0.25,6.53,179.36,36.0054,20.78,0.231,36.0068,20.76,0.231,36.0083,20.8,0.22,6.74,246.27,36.0097,20.77,0.24
36.04412,20.76,0.235,36.0456,20.73,0.243,6.53,179.18,36.0471,20.77,0.235,36.0485,20.75,0.233,36.05,20.77,0.214,6.73,244.57,36.0515,20.73,0.234
36.08582,20.79,0.245,36.0873,20.75,0.253,6.53,178.83,36.0888,20.78,0.243,36.0902,20.76,0.243,36.0917,20.79,0.223,6.73,245.51,36.0931,20.75,0.243
36.12751,20.81,0.244,36.129,20.77,0.252,6.53,178.77,36.1305,20.79,0.237,36.1319,20.77,0.238,36.1334,20.81,0.227,6.73,245.21,36.1348,20.76,0.242
36.1692,20.76,0.242,36.1707,20.72,0.251,6.53,178.48,36.1721,20.77,0.24,36.1736,20.75,0.234,36.175,20.79,0.221,6.73,244.57,36.1765,20.75,0.241
36.21097,20.8,0.245,36.2124,20.75,0.254,6.53,178.07,36.2139,20.78,0.243,36.2153,20.77,0.243,36.2168,20.81,0.223,6.73,244.57,36.2182,20.77,0.246
36.25274,20.78,0.234,36.2542,20.74,0.252,6.53,178.59,36.2557,20.78,0.233,36.2571,20.76,0.233,36.2586,20.8,0.222,6.73,244.57,36.2601,20.76,0.244
36.29443,20.78,0.235,36.2959,20.73,0.253,6.53,178.54,36.2974,20.77,0.243,36.2988,20.75,0.234,36.3003,20.79,0.223,6.73,244.57,36.3018,20.75,0.249
36.33613,20.79,0.237,36.3376,20.73,0.246,6.53,178.36,36.3391,20.77,0.243,36.3405,20.75,0.243,36.342,20.78,0.223,6.73,244.69,36.3435,20.74,0.247
36.37784,20.78,0.24,36.3793,20.73,0.253,6.52,178.65,36.3808,20.76,0.243,36.3822,20.73,0.234,36.3837,20.77,0.223,6.73,244.57,36.3852,20.72,0.248
36.41956,20.82,0.231,36.4211,20.75,0.243,6.53,179.82,36.4225,20.79,0.239,36.4239,20.75,0.232,36.4254,20.79,0.222,6.73,245.86,36.4269,20.74,0.249
36.46126,20.8,0.236,36.4627,20.75,0.256,6.55,180.29,36.4642,20.79,0.243,36.4656,20.77,0.236,36.4671,20.8,0.224,6.73,244.75,36.4686,20.76,0.247
36.50296,20.77,0.242,36.5044,20.74,0.251,6.54,178.83,36.5059,20.76,0.24,36.5073,20.76,0.239,36.5088,20.79,0.223,6.73,245.92,36.5103,20.75,0.25
36.54465,20.8,0.236,36.5461,20.73,0.244,6.54,178.65,36.5476,20.77,0.234,36.549,20.76,0.233,36.5505,20.79,0.223,6.73,244.63,36.552,20.75,0.253
36.58635,20.79,0.235,36.5878,20.75,0.244,6.53,178.77,36.5893,20.77,0.233,36.5907,20.75,0.233,36.5922,20.79,0.219,6.73,245.51,36.5937,20.74,0.253
36.62806,20.8,0.235,36.6296,20.75,0.243,6.53,179,36.631,20.76,0.235,36.6324,20.74,0.233,36.6339,20.8,0.213,6.73,246.33,36.6354,20.75,0.243
36.66975,20.78,0.245,36.6712,20.74,0.253,6.54,178.42,36.6727,20.76,0.243,36.6741,20.75,0.233,36.6756,20.79,0.223,6.73,246.33,36.6771,20.73,0.254
36.71145,20.8,0.238,36.7129,20.75,0.253,6.52,179.24,36.7144,20.77,0.243,36.7158,20.75,0.237,36.7173,20.79,0.224,6.73,246.33,36.7188,20.73,0.254
36.75314,20.77,0.245,36.7546,20.72,0.253,6.52,179.41,36.7561,20.75,0.243,36.7575,20.73,0.243,36.759,20.78,0.227,6.73,246.33,36.7605,20.72,0.263
36.79484,20.77,0.243,36.7963,20.74,0.253,6.53,179.3,36.7978,20.77,0.245,36.7992,20.76,0.235,36.8007,20.8,0.223,6.72,247.09,36.8022,20.73,0.263
36.83654,20.76,0.244,36.838,20.73,0.261,6.53,179.65,36.8395,20.76,0.244,36.8409,20.73,0.242,36.8424,20.78,0.222,6.73,246.33,36.8439,20.72,0.262
36.87823,20.79,0.245,36.8797,20.74,0.253,6.52,179.53,36.8812,20.78,0.243,36.8826,20.77,0.243,36.8841,20.79,0.233,6.72,246.33,36.8856,20.73,0.265
36.91993,20.79,0.245,36.9214,20.73,0.253,6.53,179.53,36.9229,20.76,0.243,36.9243,20.72,0.234,36.9258,20.76,0.233,6.73,246.56,36.9273,20.69,0.263
36.96163,20.81,0.244,36.9631,20.75,0.252,6.52,179.3,36.9646,20.77,0.242,36.966,20.76,0.236,36.9675,20.8,0.232,6.72,246.33,36.9689,20.72,0.264
37.00332,20.77,0.243,37.0048,20.71,0.251,6.52,178.89,37.0063,20.75,0.242,37.0077,20.73,0.241,37.0092,20.77,0.231,6.73,247.21,37.0106,20.71,0.264
37.04502,20.79,0.245,37.0465,20.76,0.253,6.53,178.71,37.048,20.8,0.243,37.0494,20.79,0.243,37.0509,20.83,0.223,6.73,246.33,37.0523,20.75,0.265
37.08671,20.8,0.236,37.0882,20.74,0.26,6.52,178.71,37.0896,20.78,0.242,37.0911,20.77,0.242,37.0926,20.8,0.222,6.73,246.39,37.094,20.72,0.262
37.1284,20.76,0.245,37.1299,20.71,0.253,6.52,178.77,37.1313,20.76,0.243,37.1328,20.75,0.236,37.1343,20.79,0.224,6.73,246.39,37.1357,20.74,0.264
37.17012,20.81,0.245,37.1716,20.77,0.253,6.52,178.48,37.1731,20.8,0.244,37.1745,20.77,0.243,37.176,20.81,0.224,6.73,246.91,37.1774,20.73,0.266
37.21181,20.78,0.244,37.2133,20.74,0.252,6.52,178.77,37.2148,20.77,0.248,37.2162,20.75,0.242,37.2177,20.8,0.222,6.73,246.33,37.2191,20.73,0.265
37.25351,20.79,0.239,37.255,20.73,0.263,6.52,178.95,37.2565,20.75,0.243,37.2579,20.74,0.238,37.2594,20.79,0.22,6.72,246.33,37.2608,20.71,0.274
37.29521,20.78,0.245,37.2967,20.74,0.26,6.52,179.41,37.2981,20.77,0.243,37.2996,20.74,0.243,37.3011,20.79,0.223,6.73,246.74,37.3025,20.71,0.264
37.3369,20.8,0.245,37.3384,20.74,0.258,6.51,178.71,37.3398,20.78,0.244,37.3413,20.76,0.243,37.3428,20.8,0.223,6.73,248.09,37.3442,20.71,0.273
37.3786,20.76,0.245,37.3801,20.72,0.26,6.52,179.65,37.3815,20.77,0.243,37.383,20.75,0.233,37.3845,20.81,0.223,6.73,247.03,37.3859,20.72,0.274
37.42029,20.78,0.245,37.4218,20.73,0.262,6.52,179.36,37.4232,20.77,0.243,37.4247,20.75,0.237,37.4262,20.8,0.215,6.72,248.03,37.4276,20.72,0.264
37.47122,20.76,0.245,37.4727,20.71,0.253,6.51,179.24,37.4742,20.75,0.243,37.4756,20.74,0.233,37.4771,20.79,0.214,6.72,248.09,37.4785,20.72,0.266
37.51291,20.81,0.241,37.5144,20.76,0.249,6.52,179.82,37.5158,20.81,0.231,37.5173,20.78,0.229,37.5188,20.82,0.219,6.72,248.09,37.5202,20.73,0.27
37.55461,20.78,0.245,37.5561,20.76,0.253,6.52,178.71,37.5575,20.76,0.239,37.559,20.76,0.233,37.5605,20.81,0.223,6.73,248.09,37.5619,20.71,0.263
37.59631,20.77,0.242,37.5978,20.74,0.253,6.51,178.48,37.5992,20.77,0.243,37.6007,20.76,0.233,37.6022,20.8,0.214,6.73,248.09,37.6036,20.73,0.264
37.638,20.77,0.245,37.6395,20.73,0.255,6.52,179.24,37.6409,20.76,0.238,37.6424,20.74,0.225,37.6439,20.79,0.213,6.73,246.33,37.6453,20.71,0.264
37.67971,20.79,0.245,37.6812,20.73,0.253,6.52,179.12,37.6827,20.78,0.233,37.6841,20.76,0.234,37.6856,20.81,0.223,6.73,246.33,37.687,20.74,0.264
37.7214,20.77,0.248,37.7229,20.73,0.262,6.52,179,37.7243,20.76,0.246,37.7258,20.74,0.242,37.7273,20.79,0.226,6.72,247.44,37.7287,20.7,0.27
37.7631,20.79,0.248,37.7646,20.75,0.262,6.51,178.65,37.766,20.78,0.242,37.7675,20.75,0.242,37.769,20.81,0.232,6.72,247.62,37.7704,20.72,0.272
37.80477,20.78,0.251,37.8062,20.73,0.262,6.51,179.53,37.8077,20.78,0.242,37.8091,20.76,0.242,37.8106,20.82,0.225,6.72,247.03,37.812,20.75,0.272
37.84653,20.77,0.249,37.848,20.73,0.267,6.52,179.36,37.8494,20.77,0.247,37.8509,20.74,0.237,37.8524,20.78,0.223,6.72,246.33,37.8538,20.69,0.272
37.88826,20.76,0.25,37.8897,20.73,0.254,6.51,179.36,37.8912,20.77,0.235,37.8926,20.75,0.233,37.8941,20.78,0.223,6.72,247.03,37.8955,20.7,0.265
37.93014,20.76,0.246,37.9316,20.72,0.26,6.5,178.89,37.933,20.77,0.243,37.9345,20.74,0.236,37.9359,20.8,0.223,6.72,246.33,37.9374,20.72,0.269
37.97175,20.75,0.246,37.9732,20.73,0.263,6.51,178.89,37.9747,20.78,0.234,37.9761,20.74,0.233,37.9776,20.8,0.22,6.72,246.86,37.979,20.72,0.263
38.01351,20.77,0.246,38.015,20.73,0.254,6.51,178.83,38.0164,20.78,0.236,38.0179,20.76,0.235,38.0194,20.81,0.223,6.72,246.33,38.0208,20.73,0.265
38.05521,20.77,0.245,38.0567,20.73,0.256,6.5,178.65,38.0581,20.77,0.234,38.0596,20.74,0.233,38.0611,20.79,0.223,6.72,246.33,38.0625,20.71,0.263
38.09691,20.76,0.249,38.0984,20.72,0.259,6.5,179.12,38.0999,20.77,0.24,38.1013,20.74,0.236,38.1028,20.8,0.223,6.72,246.33,38.1042,20.73,0.274
38.1386,20.76,0.245,38.1401,20.72,0.253,6.5,178.48,38.1415,20.77,0.233,38.143,20.74,0.233,38.1445,20.79,0.219,6.72,246.21,38.1459,20.71,0.265
38.1803,20.76,0.249,38.1818,20.73,0.256,6.5,178.07,38.1832,20.77,0.236,38.1847,20.74,0.236,38.1862,20.79,0.226,6.72,246.33,38.1876,20.71,0.266
38.22199,20.75,0.25,38.2235,20.71,0.259,6.5,178.71,38.2249,20.77,0.236,38.2264,20.74,0.237,38.2279,20.78,0.22,6.72,246.33,38.2293,20.72,0.267
38.26368,20.76,0.258,38.2652,20.72,0.261,6.5,179.18,38.2666,20.79,0.241,38.2681,20.75,0.243,38.2696,20.81,0.231,6.72,246.15,38.271,20.73,0.277
38.30538,20.76,0.265,38.3069,20.72,0.263,6.5,179.53,38.3083,20.75,0.243,38.3098,20.7,0.243,38.3113,20.75,0.233,6.72,246.33,38.3127,20.69,0.273
38.34708,20.77,0.257,38.3486,20.73,0.269,6.49,179.18,38.35,20.78,0.239,38.3515,20.75,0.241,38.3529,20.8,0.221,6.71,246.21,38.3544,20.72,0.27
38.38877,20.75,0.256,38.3903,20.71,0.268,6.5,178.77,38.3917,20.76,0.242,38.3932,20.74,0.242,38.3946,20.8,0.225,6.72,244.57,38.3961,20.72,0.272
38.43047,20.76,0.252,38.432,20.71,0.26,6.5,179.47,38.4334,20.77,0.24,38.4349,20.73,0.243,38.4363,20.78,0.223,6.71,245.57,38.4378,20.71,0.27
38.47218,20.77,0.254,38.4737,20.73,0.262,6.5,178.95,38.4751,20.77,0.242,38.4766,20.74,0.242,38.478,20.78,0.226,6.71,244.63,38.4795,20.72,0.272
38.51385,20.78,0.235,38.5153,20.75,0.243,6.52,184.16,38.5168,20.77,0.23,38.5182,20.72,0.24,38.5197,20.77,0.218,6.72,251.54,38.5212,20.7,0.263
38.55556,20.8,0.236,38.557,20.75,0.248,6.52,177.77,38.5585,20.79,0.224,38.5599,20.75,0.233,38.5614,20.8,0.213,6.72,242.17,38.5629,20.73,0.264
38.59726,20.8,0.237,38.5987,20.75,0.247,6.51,177.95,38.6002,20.79,0.225,38.6016,20.74,0.236,38.6031,20.78,0.223,6.71,242.87,38.6046,20.72,0.253
38.63895,20.79,0.237,38.6404,20.75,0.252,6.5,178.42,38.6419,20.8,0.224,38.6433,20.76,0.235,38.6448,20.81,0.22,6.71,242.87,38.6463,20.74,0.254
38.68065,20.78,0.236,38.6822,20.74,0.253,6.51,             ,38.6836,20.79,0.231,38.6851,20.74,0.238,38.6866,20.8,0.218,6.71,242.81,38.688,20.73,0.258
38.72238,20.78,0.238,38.7239,20.74,0.248,6.5,             ,38.7254,20.79,0.223,38.7268,20.75,0.233,38.7283,20.79,0.223,6.71,243.57,38.7298,20.74,0.253
38.76413,20.75,0.238,38.7656,20.7,0.253,6.5,180.12,38.7671,20.74,0.223,38.7685,20.7,0.235,38.77,20.74,0.217,6.71,242.87,38.7715,20.69,0.257
38.80583,20.78,0.24,38.8073,20.73,0.257,6.5,179.82,38.8088,20.78,0.233,38.8102,20.72,0.244,38.8117,20.77,0.223,6.7,243.81,38.8132,20.71,0.263
38.84752,20.78,0.255,38.849,20.73,0.261,6.5,180.35,38.8504,20.78,0.233,38.8519,20.73,0.243,38.8534,20.77,0.228,6.71,244.57,38.8548,20.73,0.263
38.88929,20.78,0.245,38.8908,20.73,0.254,6.5,179.82,38.8922,20.79,0.233,38.8937,20.73,0.249,38.8952,20.77,0.233,6.7,244.51,38.8966,20.73,0.263
38.93098,20.77,0.245,38.9325,20.73,0.255,6.5,180,38.9339,20.78,0.233,38.9353,20.73,0.244,38.9368,20.78,0.233,6.7,243.22,38.9383,20.72,0.263
38.97275,20.76,0.246,38.9742,20.74,0.253,6.5,180.35,38.9757,20.78,0.238,38.9771,20.73,0.245,38.9786,20.75,0.233,6.7,244.63,38.98,20.7,0.265
39.01451,20.8,0.246,39.016,20.76,0.258,6.51,180.06,39.0174,20.8,0.235,39.0189,20.75,0.248,39.0204,20.79,0.228,6.69,242.87,39.0218,20.73,0.264
39.05628,20.75,0.247,39.0578,20.71,0.258,6.49,179.36,39.0592,20.76,0.235,39.0607,20.7,0.253,39.0622,20.75,0.233,6.69,242.81,39.0636,20.68,0.264
39.09799,20.77,0.246,39.0995,20.73,0.255,6.5,180,39.1009,20.76,0.234,39.1024,20.71,0.245,39.1039,20.78,0.231,6.69,243.4,39.1053,20.73,0.263
39.13968,20.78,0.247,39.1412,20.73,0.253,6.5,179.59,39.1426,20.78,0.233,39.1441,20.73,0.253,39.1456,20.75,0.233,6.69,242.93,39.147,20.7,0.263
39.18138,20.76,0.246,39.1829,20.72,0.254,6.5,179.3,39.1843,20.77,0.234,39.1858,20.69,0.253,39.1872,20.74,0.233,6.69,243.05,39.1887,20.68,0.263
39.22308,20.73,0.246,39.2246,20.74,0.258,6.5,179.41,39.226,20.79,0.236,39.2274,20.71,0.253,39.2289,20.75,0.233,6.68,242.87,39.2304,20.68,0.264
39.26477,20.76,0.247,39.2663,20.72,0.253,6.5,179.77,39.2677,20.75,0.234,39.2692,20.71,0.25,39.2707,20.8,0.233,6.69,242.93,39.2721,20.73,0.264
39.30647,20.78,0.246,39.3079,20.71,0.253,6.5,179.71,39.3094,20.77,0.233,39.3109,20.7,0.253,39.3123,20.75,0.233,6.68,243.52,39.3138,20.7,0.263
39.34817,20.78,0.253,39.3496,20.74,0.263,6.5,180.06,39.3511,20.8,0.233,39.3526,20.72,0.253,39.354,20.76,0.233,6.68,242.93,39.3555,20.72,0.263
39.38986,20.76,0.249,39.3913,20.72,0.253,6.5,180.41,39.3928,20.77,0.233,39.3942,20.71,0.251,39.3957,20.75,0.234,6.68,242.87,39.3971,20.71,0.263
39.43163,20.79,0.246,39.4331,20.73,0.253,6.5,180.12,39.4346,20.78,0.233,39.436,20.72,0.254,39.4374,20.77,0.233,6.68,242.87,39.4389,20.72,0.259
39.47334,20.79,0.255,39.4748,20.75,0.259,6.49,180.06,39.4763,20.79,0.23,39.4777,20.72,0.259,39.4792,20.77,0.23,6.68,242.87,39.4806,20.72,0.26
39.51503,20.77,0.255,39.5165,20.72,0.259,6.5,180.82,39.5179,20.76,0.233,39.5194,20.7,0.254,39.5209,20.75,0.233,6.68,242.87,39.5223,20.7,0.254
39.55681,20.75,0.244,39.5583,20.72,0.253,6.51,180.18,39.5597,20.78,0.223,39.5612,20.71,0.245,39.5626,20.76,0.223,6.69,242.58,39.5641,20.73,0.246
39.59858,20.78,0.236,39.6001,20.75,0.244,6.51,180.35,39.6015,20.79,0.223,39.603,20.7,0.246,39.6045,20.76,0.218,6.7,243.57,39.6059,20.72,0.253
39.64028,20.73,0.24,39.6418,20.69,0.241,6.52,180.29,39.6432,20.74,0.218,39.6447,20.66,0.248,39.6462,20.73,0.218,6.7,242.81,39.6476,20.69,0.248
39.68198,20.77,0.239,39.6835,20.74,0.234,6.52,179.24,39.6849,20.78,0.215,39.6863,20.7,0.242,39.6878,20.77,0.215,6.7,242.81,39.6893,20.73,0.242
39.72367,20.76,0.235,39.7252,20.73,0.236,6.53,180.12,39.7266,20.77,0.213,39.7281,20.69,0.243,39.7296,20.74,0.213,6.71,242.93,39.731,20.7,0.236
39.76538,20.76,0.223,39.7668,20.71,0.229,6.52,179.53,39.7683,20.76,0.209,39.7698,20.68,0.239,39.7712,20.74,0.209,6.71,242.87,39.7727,20.7,0.239
39.80715,20.73,0.232,39.8086,20.69,0.23,6.54,180.23,39.8101,20.73,0.209,39.8115,20.65,0.242,39.813,20.72,0.213,6.71,242.93,39.8144,20.7,0.24
39.84891,20.75,0.222,39.8504,20.71,0.23,6.54,180.18,39.8518,20.77,0.208,39.8533,20.7,0.238,39.8548,20.75,0.208,6.72,242.93,39.8562,20.71,0.228
39.89061,20.76,0.221,39.8921,20.71,0.225,6.55,180.64,39.8935,20.75,0.204,39.895,20.66,0.233,39.8965,20.73,0.203,6.72,243.11,39.8979,20.69,0.227
39.93231,20.74,0.219,39.9338,20.7,0.223,6.55,179.77,39.9353,20.75,0.203,39.9367,20.67,0.233,39.9382,20.74,0.203,6.73,242.93,39.9396,20.69,0.229
39.97402,20.75,0.23,39.9755,20.7,0.232,6.55,179.94,39.977,20.76,0.211,39.9784,20.68,0.242,39.9799,20.77,0.207,6.72,242.99,39.9813,20.73,0.234
40.01571,20.75,0.216,40.0172,20.72,0.221,6.55,179.71,40.0187,20.78,0.195,40.0201,20.68,0.224,40.0216,20.76,0.194,6.73,242.99,40.023,20.72,0.214
40.05741,20.76,0.217,40.0589,20.72,0.22,6.56,180.12,40.0603,20.75,0.2,40.0618,20.66,0.231,40.0633,20.75,0.202,6.73,242.93,40.0647,20.72,0.23
40.0991,20.76,0.218,40.1006,20.73,0.219,6.56,179.36,40.102,20.79,0.198,40.1035,20.72,0.226,40.105,20.8,0.196,6.73,243.16,40.1064,20.74,0.216
40.1408,20.74,0.224,40.1423,20.72,0.221,6.55,180,40.1437,20.79,0.202,40.1452,20.73,0.231,40.1467,20.79,0.201,6.73,242.93,40.1481,20.75,0.228
40.1825,20.74,0.22,40.184,20.72,0.218,6.56,180.47,40.1854,20.78,0.198,40.1869,20.72,0.228,40.1884,20.77,0.198,6.73,243.05,40.1898,20.73,0.219
40.22419,20.76,0.22,40.2257,20.73,0.218,6.56,179.88,40.2271,20.8,0.191,40.2286,20.73,0.228,40.2301,20.78,0.192,6.73,242.93,40.2315,20.73,0.221
40.26589,20.75,0.223,40.2674,20.72,0.221,6.55,179.47,40.2688,20.78,0.201,40.2703,20.7,0.232,40.2718,20.78,0.201,6.74,242.93,40.2732,20.73,0.221
40.30759,20.77,0.214,40.3091,20.74,0.217,6.55,180.7,40.3105,20.76,0.197,40.312,20.69,0.227,40.3135,20.76,0.197,6.74,244.45,40.3149,20.73,0.22
40.34928,20.75,0.219,40.3508,20.71,0.218,6.56,180.23,40.3522,20.78,0.197,40.3537,20.69,0.227,40.3552,20.77,0.197,6.74,244.63,40.3566,20.75,0.218
40.39098,20.75,0.221,40.3925,20.73,0.219,6.56,180.23,40.3939,20.74,0.199,40.3954,20.67,0.229,40.3969,20.75,0.19,6.74,244.45,40.3983,20.71,0.219
40.43269,20.75,0.215,40.4342,20.71,0.222,6.54,             ,40.4357,20.76,0.203,40.4371,20.68,0.232,40.439,20.77,0.199,6.73,244.63,40.4404,20.72,0.222
40.47446,20.81,0.215,40.476,20.8,0.213,6.57,             ,40.4774,20.84,0.193,40.4789,20.75,0.223,40.4804,20.8,0.195,6.74,244.63,40.4818,20.77,0.222
40.5162,20.81,0.209,40.5177,20.74,0.211,6.56,             ,40.5192,20.81,0.197,40.5206,20.72,0.217,40.5221,20.78,0.187,6.75,244.69,40.5236,20.74,0.207
40.55793,20.77,0.211,40.5594,20.74,0.212,6.56,180.47,40.5609,20.77,0.192,40.5623,20.7,0.224,40.5638,20.76,0.185,6.75,244.69,40.5652,20.71,0.212
40.59962,20.76,0.214,40.6011,20.74,0.213,6.56,180.64,40.6026,20.79,0.192,40.604,20.71,0.222,40.6055,20.79,0.182,6.74,243.05,40.6069,20.73,0.213
40.64131,20.75,0.206,40.6428,20.73,0.213,6.56,179.94,40.6442,20.79,0.193,40.6457,20.73,0.213,40.6472,20.8,0.183,6.74,244.57,40.6486,20.74,0.209
40.68301,20.79,0.209,40.6845,20.75,0.213,6.56,179.82,40.6859,20.78,0.194,40.6874,20.72,0.223,40.6889,20.78,0.184,6.74,244.28,40.6903,20.76,0.213
40.7247,20.77,0.212,40.7262,20.74,0.213,6.55,180.23,40.7276,20.79,0.193,40.7291,20.73,0.218,40.7306,20.79,0.185,6.74,244.63,40.732,20.74,0.213
40.7664,20.77,0.215,40.7679,20.73,0.213,6.56,180.23,40.7693,20.77,0.193,40.7708,20.72,0.223,40.7722,20.78,0.183,6.74,242.87,40.7737,20.74,0.213
40.80816,20.76,0.215,40.8096,20.72,0.213,6.55,180.35,40.8111,20.78,0.193,40.8125,20.69,0.223,40.814,20.78,0.184,6.74,244.63,40.8154,20.74,0.214
40.84991,20.78,0.215,40.8514,20.74,0.213,6.55,180.88,40.8528,20.78,0.193,40.8543,20.71,0.226,40.8557,20.81,0.184,6.74,244.98,40.8572,20.76,0.213
40.89166,20.74,0.225,40.8931,20.71,0.218,6.56,180.06,40.8946,20.76,0.202,40.896,20.69,0.223,40.8975,20.77,0.183,6.74,244.57,40.8989,20.72,0.213
40.93344,20.76,0.225,40.9349,20.74,0.214,6.55,180.53,40.9363,20.81,0.203,40.9378,20.74,0.223,40.9393,20.83,0.191,6.74,244.51,40.9407,20.78,0.213
40.97521,20.73,0.224,40.9767,20.7,0.222,6.55,180.35,40.9781,20.75,0.198,40.9796,20.69,0.226,40.981,20.77,0.193,6.73,244.63,40.9825,20.72,0.216
41.01698,20.74,0.225,41.0185,20.73,0.223,6.55,180.76,41.0199,20.78,0.203,41.0213,20.71,0.228,41.0228,20.78,0.195,6.73,244.63,41.0243,20.74,0.223
41.05875,20.73,0.224,41.0602,20.71,0.222,6.54,180.18,41.0617,20.76,0.202,41.0631,20.69,0.224,41.0646,20.77,0.192,6.73,245.04,41.066,20.73,0.213
41.10052,20.74,0.225,41.102,20.71,0.223,6.54,180.47,41.1034,20.75,0.205,41.1049,20.69,0.226,41.1063,20.76,0.193,6.74,244.57,41.1078,20.72,0.216
41.14229,20.76,0.226,41.1438,20.71,0.222,6.54,180.64,41.1452,20.76,0.203,41.1467,20.69,0.224,41.1481,20.74,0.183,6.74,244.39,41.1496,20.7,0.22
41.18406,20.74,0.226,41.1855,20.72,0.223,6.54,180,41.187,20.77,0.206,41.1884,20.69,0.226,41.1899,20.76,0.193,6.74,244.63,41.1913,20.73,0.217
41.22583,20.73,0.226,41.2273,20.71,0.223,6.54,181.11,41.2287,20.76,0.204,41.2302,20.69,0.228,41.2317,20.76,0.193,6.74,244.57,41.2331,20.71,0.216
41.2676,20.72,0.226,41.2691,20.7,0.218,6.54,181.05,41.2705,20.74,0.203,41.272,20.66,0.223,41.2734,20.75,0.183,6.73,244.63,41.2749,20.7,0.213
41.30937,20.75,0.227,41.3108,20.7,0.223,6.53,180.82,41.3123,20.75,0.205,41.3137,20.68,0.225,41.3152,20.76,0.183,6.73,245.74,41.3167,20.69,0.213
41.35115,20.73,0.225,41.3526,20.7,0.224,6.54,180.94,41.3541,20.74,0.203,41.3555,20.68,0.223,41.357,20.77,0.188,6.73,244.57,41.3584,20.71,0.213
41.39291,20.74,0.225,41.3944,20.72,0.223,6.54,180.88,41.3959,20.76,0.203,41.3973,20.7,0.23,41.3988,20.78,0.187,6.73,244.57,41.4002,20.74,0.216
41.43461,20.74,0.225,41.4361,20.71,0.225,6.53,181.29,41.4376,20.76,0.203,41.439,20.7,0.223,41.4405,20.78,0.185,6.73,246.33,41.4419,20.73,0.213
41.47628,20.74,0.235,41.4778,20.72,0.224,6.53,181.11,41.4792,20.76,0.203,41.4806,20.71,0.227,41.4821,20.79,0.185,6.73,246.33,41.4836,20.74,0.214
41.51806,20.74,0.235,41.5195,20.7,0.234,6.53,181.05,41.521,20.74,0.212,41.5224,20.69,0.232,41.5239,20.79,0.192,6.74,246.15,41.5253,20.74,0.223
41.55983,20.73,0.235,41.5613,20.71,0.225,6.54,181.05,41.5627,20.76,0.213,41.5642,20.7,0.227,41.5657,20.77,0.193,6.73,246.27,41.5671,20.72,0.218
41.6016,20.75,0.233,41.6031,20.73,0.231,6.54,180.7,41.6045,20.77,0.211,41.606,20.73,0.231,41.6074,20.81,0.191,6.74,246.27,41.6089,20.76,0.221
41.64337,20.72,0.226,41.6448,20.7,0.223,6.53,181.41,41.6463,20.74,0.204,41.6478,20.68,0.223,41.6492,20.77,0.185,6.73,246.27,41.6507,20.73,0.214
41.68506,20.72,0.225,41.6865,20.72,0.223,6.53,181.29,41.688,20.77,0.203,41.6894,20.69,0.223,41.6909,20.77,0.183,6.74,246.21,41.6924,20.69,0.213
41.72676,20.69,0.231,41.7282,20.66,0.222,6.54,181.41,41.7297,20.72,0.212,41.7311,20.66,0.222,41.7326,20.73,0.182,6.73,246.33,41.7341,20.7,0.213
41.76845,20.73,0.23,41.7699,20.71,0.228,6.53,180.88,41.7714,20.76,0.21,41.7728,20.7,0.228,41.7743,20.77,0.188,6.73,244.57,41.7758,20.72,0.218
41.81015,20.73,0.235,41.8116,20.71,0.227,6.53,181.17,41.8131,20.76,0.209,41.8145,20.7,0.223,41.816,20.8,0.192,6.73,246.27,41.8175,20.75,0.213
41.85185,20.72,0.236,41.8533,20.68,0.226,6.53,181.05,41.8548,20.72,0.212,41.8562,20.66,0.228,41.8577,20.76,0.186,6.73,246.33,41.8592,20.71,0.217
41.89354,20.73,0.242,41.895,20.71,0.233,6.52,181.35,41.8965,20.75,0.213,41.8979,20.7,0.234,41.8994,20.79,0.194,6.73,246.33,41.9009,20.73,0.225
41.93522,20.72,0.242,41.9367,20.71,0.232,6.53,182.05,41.9382,20.75,0.22,41.9396,20.71,0.237,41.9411,20.8,0.19,6.73,246.33,41.9425,20.75,0.22
41.9769,20.74,0.245,41.9784,20.7,0.235,6.53,182.34,41.9798,20.73,0.214,41.9813,20.68,0.233,41.9828,20.77,0.193,6.73,246.15,41.9842,20.73,0.223
42.01856,20.72,0.244,42.0201,20.7,0.235,6.53,182.05,42.0215,20.75,0.222,42.0229,20.68,0.232,42.0244,20.78,0.192,6.73,246.33,42.0259,20.73,0.223
42.06024,20.72,0.244,42.0617,20.68,0.233,6.53,181.64,42.0632,20.73,0.222,42.0646,20.66,0.232,42.0661,20.76,0.192,6.73,246.5,42.0675,20.71,0.222
42.10201,20.73,0.241,42.1035,20.7,0.23,6.52,181.58,42.1049,20.75,0.22,42.1064,20.7,0.23,42.1079,20.77,0.192,6.73,246.33,42.1093,20.73,0.22
42.14392,20.74,0.243,42.1454,20.71,0.232,6.52,181.17,42.1468,20.73,0.222,42.1482,20.68,0.233,42.1497,20.77,0.192,6.73,246.33,42.1513,20.72,0.222
42.18556,20.73,0.236,42.187,20.7,0.225,6.52,181.7,42.1885,20.74,0.215,42.1899,20.69,0.224,42.1914,20.78,0.184,6.73,247.09,42.1928,20.73,0.215
42.22733,20.73,0.246,42.2288,20.7,0.233,6.52,181.88,42.2302,20.74,0.223,42.2317,20.68,0.233,42.2332,20.77,0.193,6.73,246.33,42.2346,20.72,0.223
42.2691,20.73,0.24,42.2706,20.7,0.236,6.51,             ,42.2721,20.74,0.218,42.2735,20.68,0.231,42.275,20.77,0.188,6.73,246.33,42.2764,20.72,0.218
42.3108,20.73,0.24,42.3123,20.69,0.233,6.52,182.17,42.3137,20.72,0.217,42.3152,20.7,0.237,42.3167,20.77,0.197,6.73,246.74,42.3181,20.71,0.217
42.35249,20.72,0.241,42.354,20.7,0.238,6.52,181.76,42.3554,20.72,0.22,42.3569,20.68,0.232,42.3584,20.77,0.188,6.73,246.33,42.3598,20.72,0.218
42.39426,20.72,0.236,42.3957,20.69,0.233,6.52,182.29,42.3972,20.74,0.223,42.3986,20.7,0.233,42.4001,20.79,0.193,6.72,246.68,42.4016,20.74,0.225
42.43603,20.72,0.235,42.4375,20.7,0.234,6.52,182.23,42.439,20.75,0.214,42.4404,20.7,0.224,42.4419,20.78,0.185,6.73,246.45,42.4433,20.74,0.215
42.47781,20.73,0.238,42.4793,20.7,0.233,6.52,182.99,42.4808,20.74,0.223,42.4822,20.69,0.233,42.4837,20.78,0.188,6.72,246.86,42.4851,20.73,0.223
42.5195,20.72,0.246,42.521,20.71,0.241,6.51,182.58,42.5224,20.73,0.231,42.5239,20.7,0.241,42.5254,20.8,0.201,6.72,246.5,42.5268,20.75,0.224
42.5612,20.73,0.236,42.5627,20.72,0.233,6.52,182.17,42.5641,20.75,0.223,42.5656,20.71,0.233,42.5671,20.8,0.186,6.72,246.33,42.5685,20.76,0.214
42.60293,20.73,0.246,42.6044,20.71,0.253,6.52,182.11,42.6058,20.74,0.233,42.6073,20.7,0.243,42.6088,20.78,0.199,6.73,246.27,42.6102,20.73,0.233
42.64791,20.75,0.242,42.6494,20.71,0.241,6.52,181.76,42.6508,20.74,0.231,42.6523,20.7,0.242,42.6537,20.79,0.2,6.73,246.33,42.6552,20.74,0.225
42.68966,20.71,0.245,42.6911,20.68,0.237,6.51,182.11,42.6926,20.71,0.229,42.694,20.68,0.243,42.6955,20.78,0.203,6.72,246.15,42.697,20.73,0.227
42.73145,20.74,0.245,42.7329,20.71,0.24,6.51,181.82,42.7344,20.74,0.225,42.7358,20.69,0.239,42.7373,20.79,0.194,6.72,246.27,42.7388,20.74,0.223
42.77315,20.73,0.247,42.7746,20.7,0.235,6.51,181.11,42.7761,20.75,0.227,42.7775,20.7,0.236,42.779,20.78,0.194,6.72,245.86,42.7805,20.73,0.223
42.81484,20.73,0.245,42.8163,20.69,0.243,6.51,181.88,42.8178,20.71,0.23,42.8192,20.66,0.233,42.8207,20.76,0.194,6.72,245.62,42.8222,20.7,0.224
42.85652,20.71,0.243,42.858,20.68,0.241,6.51,181.76,42.8595,20.71,0.235,42.8609,20.66,0.244,42.8624,20.77,0.201,6.72,244.63,42.8638,20.71,0.229
42.89822,20.73,0.247,42.8997,20.7,0.239,6.52,181.99,42.9012,20.73,0.236,42.9026,20.67,0.242,42.9041,20.77,0.198,6.72,245.45,42.9055,20.71,0.228
42.93999,20.73,0.254,42.9415,20.7,0.242,6.51,182.23,42.9429,20.73,0.238,42.9444,20.68,0.246,42.9458,20.77,0.203,6.72,244.63,42.9473,20.73,0.232
42.98177,20.71,0.251,42.9832,20.69,0.245,6.52,181.93,42.9847,20.72,0.234,42.9861,20.66,0.24,42.9876,20.76,0.199,6.72,246.45,42.989,20.71,0.229
43.02354,20.73,0.247,43.025,20.69,0.25,6.51,181.76,43.0265,20.71,0.239,43.0279,20.65,0.244,43.0294,20.75,0.2,6.71,246.15,43.0308,20.69,0.23
43.06521,20.74,0.25,43.0667,20.72,0.252,6.51,182.29,43.0682,20.75,0.237,43.0696,20.69,0.249,43.0711,20.8,0.205,6.72,245.8,43.0725,20.75,0.232
43.1069,20.74,0.253,43.1084,20.7,0.242,6.51,181.76,43.1098,20.74,0.236,43.1113,20.67,0.251,43.1127,20.78,0.201,6.72,244.63,43.1142,20.73,0.232
43.14867,20.72,0.244,43.1501,20.69,0.249,6.51,181.41,43.1516,20.72,0.239,43.153,20.66,0.249,43.1545,20.77,0.204,6.72,244.63,43.156,20.72,0.23
43.19044,20.74,0.246,43.1919,20.7,0.252,6.51,181.41,43.1933,20.74,0.242,43.1948,20.68,0.252,43.1963,20.78,0.211,6.72,244.63,43.1977,20.74,0.234
43.23219,20.73,0.242,43.2337,20.7,0.243,6.51,181.29,43.2351,20.73,0.233,43.2366,20.67,0.247,43.238,20.77,0.203,6.72,244.57,43.2395,20.72,0.226
43.27385,20.74,0.245,43.2753,20.71,0.243,6.51,181.17,43.2768,20.74,0.234,43.2782,20.68,0.244,43.2797,20.79,0.203,6.72,244.63,43.2811,20.73,0.225
43.31561,20.73,0.245,43.3171,20.7,0.243,6.51,181.29,43.3186,20.73,0.234,43.32,20.67,0.244,43.3215,20.78,0.203,6.72,245.45,43.3229,20.73,0.228
43.3574,20.72,0.247,43.3589,20.69,0.245,6.51,181.23,43.3603,20.71,0.235,43.3618,20.66,0.246,43.3632,20.76,0.197,6.72,244.57,43.3646,20.72,0.229
43.39912,20.73,0.252,43.4006,20.7,0.25,6.51,181.35,43.402,20.73,0.245,43.4035,20.67,0.261,43.4049,20.78,0.209,6.71,245.45,43.4064,20.73,0.241
43.44083,20.73,0.251,43.4423,20.74,0.249,6.53,184.45,43.4438,20.73,0.249,43.4452,20.65,0.26,43.4467,20.79,0.219,6.74,251.72,43.4481,20.72,0.244
43.4826,20.77,0.244,43.4841,20.73,0.24,6.52,180.7,43.4855,20.77,0.236,43.487,20.71,0.25,43.4885,20.82,0.199,6.73,243.11,43.4899,20.77,0.23
43.52438,20.76,0.245,43.5259,20.72,0.238,6.51,180.47,43.5273,20.76,0.233,43.5287,20.7,0.246,43.5302,20.81,0.201,6.73,244.34,43.5317,20.77,0.229
43.56615,20.77,0.235,43.5676,20.72,0.234,6.51,180.12,43.5691,20.76,0.233,43.5705,20.7,0.243,43.572,20.81,0.192,6.73,242.81,43.5735,20.78,0.223
43.60793,20.75,0.243,43.6094,20.74,0.242,6.52,179.82,43.6109,20.77,0.231,43.6123,20.72,0.241,43.6138,20.82,0.201,6.73,244.63,43.6152,20.77,0.231
43.64971,20.76,0.244,43.6512,20.72,0.252,6.51,180.06,43.6526,20.75,0.242,43.6541,20.7,0.253,43.6556,20.8,0.212,6.73,245.04,43.657,20.75,0.233
43.69148,20.75,0.239,43.693,20.72,0.246,6.51,180.06,43.6944,20.75,0.236,43.6958,20.69,0.246,43.6973,20.79,0.197,6.72,243.75,43.6988,20.74,0.226
43.73326,20.73,0.245,43.7347,20.7,0.243,6.51,180.06,43.7362,20.73,0.235,43.7376,20.66,0.245,43.7391,20.78,0.203,6.72,244.57,43.7406,20.74,0.225
43.77505,20.74,0.245,43.7765,20.7,0.244,6.51,179.88,43.778,20.74,0.235,43.7794,20.67,0.253,43.7809,20.79,0.202,6.72,242.87,43.7823,20.74,0.233
43.81682,20.73,0.245,43.8183,20.7,0.253,6.51,179.77,43.8197,20.74,0.243,43.8212,20.68,0.253,43.8227,20.78,0.202,6.72,244.39,43.8241,20.74,0.233
43.85859,20.75,0.252,43.8601,20.71,0.255,6.5,179.88,43.8615,20.75,0.247,43.863,20.69,0.263,43.8644,20.79,0.212,6.72,242.87,43.8659,20.74,0.243
43.90037,20.73,0.255,43.9019,20.7,0.26,6.5,180.35,43.9033,20.74,0.247,43.9047,20.67,0.263,43.9062,20.78,0.212,6.72,244.45,43.9076,20.73,0.243
43.94214,20.72,0.258,43.9436,20.69,0.257,6.5,180.53,43.9451,20.72,0.245,43.9465,20.66,0.257,43.948,20.78,0.213,6.71,244.57,43.9494,20.72,0.245
43.9839,20.73,0.256,43.9854,20.69,0.258,6.5,180.35,43.9868,20.72,0.252,43.9883,20.66,0.255,43.9897,20.79,0.209,6.72,243.81,43.9913,20.73,0.243
44.02566,20.74,0.257,44.0271,20.71,0.263,6.5,181.17,44.0286,20.74,0.245,44.03,20.67,0.262,44.0315,20.78,0.207,6.71,243.46,44.0329,20.73,0.245
44.06743,20.75,0.255,44.0689,20.72,0.256,6.5,180.23,44.0703,20.74,0.246,44.0718,20.69,0.263,44.0732,20.79,0.212,6.71,242.93,44.0747,20.74,0.243
44.10916,20.72,0.25,44.1106,20.68,0.257,6.5,180.59,44.1122,20.72,0.25,44.1136,20.65,0.26,44.1151,20.76,0.209,6.71,242.87,44.1166,20.7,0.245
44.15091,20.74,0.251,44.1524,20.7,0.263,6.5,180.53,44.1538,20.73,0.253,44.1553,20.67,0.263,44.1567,20.78,0.212,6.71,242.87,44.1582,20.73,0.244
44.19278,20.74,0.257,44.1942,20.71,0.263,6.5,179.71,44.1957,20.75,0.253,44.1971,20.68,0.266,44.1986,20.79,0.212,6.71,242.87,44.2,20.73,0.243
44.2344,20.74,0.257,44.2359,20.7,0.263,6.51,180.18,44.2373,20.73,0.253,44.2387,20.66,0.264,44.2402,20.77,0.212,6.71,242.4,44.2417,20.71,0.244
44.27613,20.74,0.255,44.2776,20.7,0.256,6.5,179.88,44.279,20.74,0.243,44.2805,20.67,0.263,44.2819,20.78,0.212,6.71,242.87,44.2834,20.73,0.243
44.31786,20.75,0.257,44.3193,20.71,0.26,6.5,180.23,44.3208,20.75,0.243,44.3222,20.68,0.263,44.3237,20.77,0.212,6.71,242.87,44.3251,20.72,0.245
44.35958,20.73,0.261,44.361,20.7,0.261,6.49,180.12,44.3625,20.73,0.259,44.3639,20.67,0.269,44.3654,20.77,0.218,6.71,241.17,44.3668,20.73,0.249
44.40144,20.74,0.255,44.4029,20.7,0.258,6.49,180.06,44.4044,20.73,0.244,44.4058,20.67,0.263,44.4072,20.78,0.212,6.71,241.11,44.4088,20.73,0.244
44.44307,20.75,0.255,44.4445,20.72,0.253,6.49,179.65,44.446,20.75,0.245,44.4474,20.68,0.26,44.4489,20.78,0.213,6.71,242.81,44.4503,20.73,0.244
44.4848,20.74,0.255,44.4863,20.71,0.253,6.5,179.24,44.4877,20.74,0.243,44.4891,20.68,0.261,44.4906,20.79,0.212,6.71,241.11,44.492,20.73,0.243
44.52653,20.73,0.255,44.528,20.7,0.263,6.5,180.06,44.5294,20.73,0.247,44.5309,20.67,0.255,44.5323,20.78,0.213,6.71,241.11,44.5338,20.72,0.244
44.56825,20.73,0.259,44.5697,20.7,0.264,6.49,179.41,44.5712,20.73,0.257,44.5726,20.67,0.267,44.5741,20.78,0.216,6.71,241.23,44.5755,20.72,0.249
44.60999,20.73,0.255,44.6115,20.69,0.263,6.49,180.12,44.6129,20.73,0.245,44.6144,20.65,0.263,44.6158,20.76,0.212,6.71,241.46,44.6173,20.7,0.249
44.65175,20.72,0.255,44.6532,20.69,0.263,6.5,179.94,44.6546,20.72,0.247,44.6561,20.66,0.263,44.6576,20.76,0.212,6.71,241.17,44.659,20.71,0.243
44.6935,20.72,0.259,44.695,20.7,0.263,6.49,179.36,44.6964,20.73,0.254,44.6978,20.66,0.273,44.6993,20.78,0.215,6.71,241.17,44.7007,20.72,0.253
44.73522,20.74,0.261,44.7367,20.7,0.262,6.49,179.3,44.7381,20.73,0.252,44.7396,20.66,0.272,44.741,20.78,0.221,6.71,239.88,44.7426,20.74,0.245
44.77697,20.73,0.256,44.7784,20.7,0.269,6.49,178.77,44.7799,20.74,0.253,44.7813,20.67,0.273,44.7828,20.77,0.222,6.71,239.77,44.7842,20.71,0.252
44.81872,20.73,0.265,44.8202,20.69,0.271,6.49,179.24,44.8216,20.73,0.26,44.8231,20.66,0.273,44.8245,20.77,0.222,6.7,239.41,44.826,20.72,0.257
44.86046,20.73,0.265,44.8619,20.69,0.27,6.49,179.18,44.8634,20.73,0.258,44.8648,20.68,0.273,44.8663,20.8,0.222,6.71,239.53,44.8677,20.76,0.253
44.90221,20.74,0.257,44.9037,20.7,0.263,6.49,179.12,44.9051,20.73,0.253,44.9066,20.66,0.266,44.908,20.77,0.219,6.71,241.05,44.9095,20.73,0.247
44.94396,20.71,0.265,44.9454,20.68,0.27,6.49,179.18,44.9469,20.71,0.257,44.9483,20.65,0.273,44.9498,20.76,0.222,6.71,239.71,44.9512,20.72,0.253
44.98569,20.73,0.265,44.9872,20.69,0.263,6.49,178.77,44.9886,20.74,0.263,44.99,20.67,0.273,44.9915,20.78,0.222,6.71,239.88,44.993,20.74,0.253
45.02744,20.74,0.265,45.0289,20.71,0.265,6.49,179.82,45.0304,20.75,0.255,45.0318,20.68,0.273,45.0333,20.77,0.222,6.7,239.41,45.0347,20.73,0.253
45.06919,20.74,0.26,45.0707,20.7,0.264,6.49,179.47,45.0721,20.73,0.254,45.0735,20.66,0.273,45.075,20.77,0.227,6.71,239.41,45.0765,20.72,0.256
45.11094,20.75,0.265,45.1124,20.7,0.273,6.49,179.06,45.1138,20.75,0.263,45.1153,20.68,0.276,45.1168,20.78,0.222,6.71,239.65,45.1182,20.73,0.253
45.15269,20.74,0.26,45.1542,20.69,0.263,6.5,178.89,45.1556,20.73,0.256,45.157,20.67,0.271,45.1585,20.77,0.222,6.71,239.41,45.16,20.73,0.251
45.19444,20.75,0.264,45.1959,20.7,0.272,6.5,178.83,45.1974,20.74,0.262,45.1988,20.67,0.272,45.2003,20.77,0.221,6.7,239.36,45.2017,20.72,0.252
45.23622,20.73,0.263,45.2377,20.69,0.263,6.49,178.71,45.2391,20.72,0.254,45.2406,20.65,0.271,45.2421,20.76,0.224,6.71,239.41,45.2435,20.72,0.254
45.27797,20.73,0.263,45.2794,20.69,0.272,6.49,178.54,45.2809,20.74,0.261,45.2823,20.65,0.278,45.2838,20.77,0.231,6.71,239.47,45.2852,20.72,0.251
45.31972,20.74,0.264,45.3212,20.69,0.268,6.49,178.65,45.3226,20.73,0.262,45.3241,20.67,0.272,45.3256,20.77,0.222,6.7,239.47,45.327,20.74,0.253
45.36148,20.73,0.265,45.363,20.69,0.273,6.49,178.71,45.3644,20.73,0.254,45.3658,20.65,0.273,45.3673,20.77,0.223,6.71,239.41,45.3688,20.72,0.253
45.40324,20.73,0.27,45.4047,20.7,0.271,6.49,179.18,45.4062,20.74,0.263,45.4076,20.68,0.283,45.4091,20.77,0.232,6.71,239.41,45.4105,20.72,0.257
45.44501,20.73,0.257,45.4465,20.69,0.265,6.49,178.65,45.4479,20.72,0.26,45.4494,20.65,0.273,45.4509,20.76,0.222,6.7,239.36,45.4523,20.72,0.253
45.48677,20.72,0.26,45.4883,20.67,0.27,6.49,178.59,45.4897,20.72,0.256,45.4911,20.64,0.273,45.4926,20.75,0.222,6.71,239.36,45.4941,20.71,0.25
45.52853,20.71,0.257,45.53,20.67,0.264,6.49,178.95,45.5315,20.71,0.255,45.5329,20.65,0.273,45.5344,20.77,0.222,6.7,237.77,45.5359,20.74,0.245
45.57023,20.74,0.255,45.5717,20.71,0.261,6.49,178.59,45.5732,20.74,0.254,45.5746,20.68,0.273,45.5761,20.78,0.222,6.71,238.65,45.5776,20.74,0.244
45.61193,20.73,0.257,45.6134,20.69,0.265,6.49,178.36,45.6149,20.73,0.255,45.6163,20.66,0.272,45.6178,20.77,0.225,6.7,237.6,45.6193,20.72,0.245
45.65362,20.73,0.265,45.6551,20.69,0.27,6.49,178.07,45.6566,20.73,0.263,45.658,20.67,0.275,45.6595,20.78,0.233,6.7,236.66,45.6609,20.75,0.253
45.69532,20.75,0.254,45.6968,20.71,0.268,6.49,177.77,45.6983,20.75,0.252,45.6997,20.67,0.269,45.7012,20.77,0.229,6.7,236.48,45.7026,20.74,0.249
45.73701,20.74,0.259,45.7385,20.7,0.269,6.49,177.19,45.74,20.74,0.249,45.7414,20.65,0.27,45.7429,20.76,0.23,6.7,235.96,45.7443,20.72,0.248
45.77872,20.74,0.26,45.7802,20.7,0.268,6.49,177.66,45.7816,20.73,0.258,45.7831,20.66,0.275,45.7846,20.77,0.228,6.71,235.96,45.786,20.72,0.25
45.82041,20.74,0.255,45.8219,20.69,0.269,6.49,177.89,45.8233,20.73,0.254,45.8248,20.66,0.273,45.8263,20.75,0.233,6.7,236.78,45.8277,20.73,0.243
45.86209,20.75,0.265,45.8636,20.7,0.273,6.49,177.83,45.865,20.74,0.255,45.8665,20.66,0.274,45.868,20.77,0.233,6.7,235.96,45.8694,20.74,0.243
45.9038,20.74,0.265,45.9053,20.71,0.273,6.49,178.01,45.9067,20.73,0.263,45.9082,20.65,0.274,45.9097,20.77,0.229,6.71,236.31,45.9111,20.74,0.244
45.9455,20.73,0.261,45.947,20.68,0.273,6.49,177.83,45.9484,20.72,0.263,45.9499,20.66,0.275,45.9514,20.76,0.233,6.7,235.96,45.9528,20.73,0.243
45.9872,20.76,0.263,45.9887,20.71,0.263,6.48,177.71,45.9901,20.74,0.254,45.9916,20.67,0.273,45.9931,20.78,0.233,6.7,235.96,45.9945,20.75,0.253
46.02889,20.73,0.256,46.0304,20.68,0.273,6.48,177.77,46.0318,20.73,0.254,46.0333,20.63,0.274,46.0348,20.75,0.236,6.7,236.02,46.0362,20.73,0.244
46.07059,20.72,0.265,46.0721,20.67,0.273,6.49,177.77,46.0735,20.71,0.253,46.075,20.64,0.273,46.0765,20.75,0.233,6.7,235.96,46.0779,20.73,0.253
46.11228,20.72,0.258,46.1138,20.68,0.268,6.49,177.66,46.1152,20.71,0.254,46.1167,20.64,0.279,46.1182,20.74,0.233,6.7,235.96,46.1196,20.72,0.244
46.15398,20.74,0.263,46.1555,20.7,0.271,6.49,177.48,46.1569,20.76,0.261,46.1584,20.66,0.281,46.1598,20.77,0.241,6.7,235.96,46.1613,20.72,0.251
46.19566,20.74,0.264,46.1971,20.69,0.272,6.49,177.25,46.1986,20.72,0.262,46.2,20.65,0.283,46.2015,20.76,0.242,6.7,235.96,46.203,20.74,0.248
46.23733,20.72,0.265,46.2388,20.68,0.273,6.49,177.83,46.2403,20.73,0.263,46.2417,20.65,0.279,46.2432,20.76,0.233,6.7,235.96,46.2447,20.74,0.246
46.27903,20.74,0.275,46.2805,20.7,0.273,6.49,177.66,46.282,20.74,0.269,46.2834,20.66,0.282,46.2849,20.77,0.233,6.7,237.13,46.2863,20.75,0.247
46.32072,20.73,0.263,46.3222,20.67,0.276,6.49,178.3,46.3237,20.71,0.261,46.3251,20.64,0.271,46.3266,20.74,0.235,6.7,237.66,46.328,20.72,0.251
46.36242,20.73,0.263,46.3639,20.69,0.274,6.49,178.18,46.3654,20.72,0.261,46.3668,20.64,0.272,46.3683,20.74,0.233,6.7,236.02,46.3698,20.73,0.242
46.40412,20.72,0.26,46.4056,20.68,0.272,6.49,178.24,46.407,20.71,0.262,46.4085,20.63,0.273,46.41,20.74,0.235,6.7,235.96,46.4114,20.74,0.242
46.4458,20.74,0.265,46.4473,20.69,0.273,6.49,             ,46.4488,20.73,0.258,46.4502,20.65,0.273,46.4517,20.76,0.236,6.7,237.3,46.4531,20.74,0.243
46.4875,20.73,0.262,46.489,20.67,0.273,6.49,             ,46.4905,20.71,0.263,46.4919,20.64,0.276,46.4934,20.74,0.234,6.69,235.96,46.4948,20.73,0.243
46.5292,20.74,0.261,46.5307,20.69,0.273,6.49,             ,46.5322,20.73,0.262,46.5336,20.65,0.275,46.5351,20.75,0.233,6.69,237.6,46.5365,20.75,0.243
46.5709,20.72,0.259,46.5724,20.68,0.273,6.48,             ,46.5739,20.72,0.263,46.5753,20.65,0.275,46.5768,20.76,0.233,6.69,235.96,46.5782,20.75,0.237
46.6126,20.73,0.261,46.6141,20.69,0.273,6.49,             ,46.6156,20.72,0.253,46.617,20.66,0.274,46.6185,20.75,0.235,6.69,236.25,46.6199,20.75,0.237
46.65431,20.75,0.257,46.6558,20.7,0.274,6.48,             ,46.6573,20.73,0.263,46.6587,20.66,0.283,46.6602,20.76,0.237,6.69,235.96,46.6616,20.76,0.243
46.69601,20.72,0.256,46.6975,20.67,0.265,6.49,177.95,46.6989,20.72,0.255,46.7004,20.64,0.274,46.7018,20.75,0.233,6.69,235.96,46.7033,20.74,0.237
46.73778,20.75,0.261,46.7392,20.73,0.275,6.49,177.83,46.7407,20.77,0.263,46.7421,20.68,0.281,46.7436,20.78,0.243,6.69,235.96,46.7451,20.77,0.243
46.77955,20.72,0.255,46.781,20.67,0.273,6.49,177.83,46.7825,20.71,0.253,46.7839,20.63,0.273,46.7854,20.73,0.233,6.69,235.9,46.7868,20.73,0.233
46.82132,20.73,0.255,46.8228,20.69,0.273,6.49,177.89,46.8242,20.73,0.253,46.8257,20.65,0.275,46.8272,20.74,0.235,6.7,237.13,46.8286,20.73,0.243
46.86309,20.74,0.265,46.8646,20.68,0.273,6.48,177.95,46.866,20.72,0.263,46.8674,20.65,0.283,46.8689,20.73,0.245,6.69,236.43,46.8704,20.73,0.243
46.90486,20.75,0.262,46.9063,20.7,0.277,6.48,177.83,46.9078,20.74,0.265,46.9092,20.66,0.283,46.9107,20.75,0.243,6.69,237.71,46.9122,20.75,0.243
46.94655,20.76,0.266,46.948,20.69,0.275,6.48,178.36,46.9495,20.72,0.269,46.9509,20.64,0.283,46.9524,20.73,0.243,6.69,237.71,46.9539,20.72,0.245
46.98824,20.74,0.267,46.9897,20.68,0.283,6.48,178.65,46.9912,20.73,0.263,46.9926,20.65,0.287,46.9941,20.75,0.245,6.69,237.89,46.9956,20.76,0.245
47.02994,20.74,0.267,47.0314,20.7,0.279,6.48,177.77,47.0329,20.74,0.269,47.0343,20.67,0.28,47.0358,20.76,0.24,6.69,237.71,47.0373,20.75,0.248
47.07164,20.75,0.259,47.0731,20.7,0.273,6.48,178.83,47.0746,20.74,0.263,47.076,20.67,0.281,47.0775,20.76,0.247,6.69,238.24,47.079,20.76,0.245
47.11334,20.74,0.265,47.1148,20.69,0.274,6.48,178.54,47.1163,20.73,0.263,47.1177,20.67,0.278,47.1192,20.75,0.244,6.69,239.41,47.1207,20.76,0.244
47.15503,20.74,0.262,47.1565,20.69,0.273,6.48,178.83,47.158,20.73,0.265,47.1594,20.66,0.277,47.1609,20.74,0.243,6.69,237.71,47.1624,20.75,0.243
47.19674,20.74,0.265,47.1982,20.69,0.279,6.49,178.65,47.1997,20.74,0.263,47.2011,20.66,0.283,47.2026,20.76,0.243,6.69,239.41,47.2041,20.76,0.236
47.23844,20.73,0.268,47.2399,20.68,0.276,6.49,179.47,47.2414,20.71,0.266,47.2428,20.65,0.286,47.2443,20.77,0.246,6.69,239.41,47.2458,20.77,0.246
47.28014,20.72,0.265,47.2816,20.67,0.277,6.48,179,47.2831,20.72,0.266,47.2845,20.66,0.283,47.286,20.75,0.247,6.69,239.94,47.2875,20.76,0.243
47.32183,20.74,0.265,47.3233,20.67,0.279,6.49,179.47,47.3248,20.71,0.263,47.3262,20.64,0.274,47.3277,20.72,0.253,6.69,239.41,47.3292,20.73,0.245
47.36353,20.73,0.265,47.365,20.66,0.283,6.48,179.3,47.3665,20.71,0.263,47.3679,20.64,0.274,47.3694,20.73,0.251,6.69,239.53,47.3709,20.71,0.243
47.40522,20.72,0.265,47.4067,20.66,0.276,6.48,179,47.4082,20.69,0.264,47.4096,20.62,0.274,47.4111,20.71,0.243,6.69,239.82,47.4126,20.7,0.243
47.44699,20.75,0.255,47.4485,20.67,0.273,6.49,179.18,47.4499,20.71,0.263,47.4514,20.63,0.275,47.4529,20.73,0.252,6.69,239.53,47.4543,20.73,0.245
47.48868,20.76,0.262,47.4902,20.7,0.276,6.5,179.36,47.4916,20.74,0.263,47.4931,20.66,0.271,47.4946,20.75,0.239,6.7,240.41,47.496,20.74,0.243
47.53038,20.76,0.256,47.5319,20.71,0.273,6.52,186.39,47.5333,20.75,0.263,47.5348,20.68,0.273,47.5363,20.78,0.244,6.73,248.55,47.5377,20.78,0.243