MC,TP,qPCR_ID,Sample,Fraction,Well_ID,Plate_ID,Sample_ID,Lueders_BD,Corrected,Buckley,Ribo_conc,Ribo_RMAX,Dil,qPCR_conc,qPCR_RMAX
MC1,2.5,Plate 1,C12-TB2,1,,,C12-TB2-1,1.840705955,1.814052771,1.826145132,0,0,1,0.001225977,0.000491611
MC1,2.5,Plate 1,C12-TB2,2,,,C12-TB2-2,1.835478102,1.808824918,1.820947456,0,0,1,0,4.86E-06
MC1,2.5,Plate 1,C12-TB2,3,,,C12-TB2-3,1.832807356,1.806154173,1.818351777,0,0,1,0,3.11E-05
MC1,2.5,Plate 1,C12-TB2,4,,,C12-TB2-4,1.83009873,1.803445547,1.815758203,0,0,1,0,4.95E-06
MC1,2.5,Plate 1,C12-TB2,5,,,C12-TB2-5,1.824567841,1.797914657,1.810577372,0.02706268,0.015416005,1,0.006039,0.00242161
MC1,2.5,Plate 1,C12-TB2,6,,,C12-TB2-6,1.821745576,1.795092393,1.807990115,0.022898135,0.01304371,1,0.005846106,0.002344261
MC1,2.5,Plate 1,C12-TB2,7,,,C12-TB2-7,1.813051505,1.786398322,1.800240978,0.08450468,0.048137307,1,0.035070588,0.014063139
MC1,2.5,Plate 1,C12-TB2,8,,,C12-TB2-8,1.807066059,1.780412876,1.795085415,0.323894215,0.184503336,1,0.306647832,0.122964322
MC1,2.5,Plate 1,C12-TB2,9,,,C12-TB2-9,1.804016517,1.777363334,1.792510792,0.99984295,0.569551264,1,0.297812716,0.119421483
MC1,2.5,Plate 1,C12-TB2,10,,,C12-TB2-10,1.800929095,1.774275912,1.789938274,1.711980145,0.975213613,10,1.167830731,0.46829457
MC1,2.5,Plate 1,C12-TB2,11,,,C12-TB2-11,1.794640613,1.767987429,1.784799556,1.75549246,1,10,2.493795159,1
MC1,2.5,Plate 1,C12-TB2,12,,,C12-TB2-12,1.791439552,1.764786368,1.782233356,0.62187459,0.354245093,1,0.034339428,0.013769947
MC1,2.5,Plate 1,C12-TB2,13,,,C12-TB2-13,1.784923791,1.758270608,1.777107271,0.57678262,0.328558871,1,0.125877103,0.05047612
MC1,2.5,Plate 1,C12-TB2,14,,,C12-TB2-14,1.781609091,1.754955908,1.774547387,0.30163544,0.171823831,1,0.296802,0.119016191
MC1,2.5,Plate 1,C12-TB2,15,,,C12-TB2-15,1.778256512,1.751603329,1.771989609,0.05865578,0.033412721,1,0.00041134,0.000164946
MC1,2.5,Plate 1,C12-TB2,16,,,C12-TB2-16,1.774866053,1.74821287,1.769433936,0.08680236,0.049446159,1,0.007201405,0.002887729
MC1,2.5,Plate 1,C12-TB2,17,,,C12-TB2-17,1.771437714,1.744784531,1.766880369,0.09857797,0.056154026,1,0.011425341,0.004581507
MC1,2.5,Plate 1,C12-TB2,18,,,C12-TB2-18,1.727343038,1.700689855,1.736401804,0.12615013,0.071860252,1,0.008134226,0.003261786
MC2,2.5,Plate 3,Met-TB2,1,,,Met-TB2-1,1.838110968,1.811457785,1.823545241,0.001428,0.000448686,1,0.005423386,0.000324296
MC2,2.5,Plate 3,Met-TB2,2,,,Met-TB2-2,1.835478102,1.808824918,1.820947456,0,0,1,0.002441252,0.000145977
MC2,2.5,Plate 3,Met-TB2,3,,,Met-TB2-3,1.832807356,1.806154173,1.818351777,0.03886496,0.012211612,1,0.026236421,0.001568827
MC2,2.5,Plate 3,Met-TB2,4,,,Met-TB2-4,1.827352225,1.800699042,1.813166735,0.04885516,0.015350595,1,0.012542777,0.000750005
MC2,2.5,Plate 3,Met-TB2,5,,,Met-TB2-5,1.824567841,1.797914657,1.810577372,0.11521112,0.036200051,1,0.123266182,0.007370798
MC2,2.5,Plate 3,Met-TB2,6,,,Met-TB2-6,1.818885432,1.792232249,1.805404964,0.10269708,0.032268062,1,0.335913192,0.020086193
MC2,2.5,Plate 3,Met-TB2,7,,,Met-TB2-7,1.815987408,1.789334225,1.802821918,0.0676788,0.0212651,1,0.280438443,0.016769036
MC2,2.5,Plate 3,Met-TB2,8,,,Met-TB2-8,1.813051505,1.786398322,1.800240978,0.51692232,0.162420209,1,4.869488998,0.29117491
MC2,2.5,Plate 3,Met-TB2,9,,,Met-TB2-9,1.810077722,1.783424539,1.797662144,0.81231676,0.25523498,1,7.855778362,0.469742423
MC2,2.5,Plate 3,Met-TB2,10,,,Met-TB2-10,1.804016517,1.777363334,1.792510792,2.17045816,0.681971459,10,10.81873578,0.646914784
MC2,2.5,Plate 3,Met-TB2,11,,,Met-TB2-11,1.800929095,1.774275912,1.789938274,3.18262316,1,10,16.72358718,1
MC2,2.5,Plate 3,Met-TB2,12,,,Met-TB2-12,1.794640613,1.767987429,1.784799556,1.63445764,0.513556761,10,12.649537,0.756388977
MC2,2.5,Plate 3,Met-TB2,13,,,Met-TB2-13,1.791439552,1.764786368,1.782233356,1.32349952,0.415851784,10,13.08426703,0.782384
MC2,2.5,Plate 3,Met-TB2,14,,,Met-TB2-14,1.788200611,1.761547428,1.77966926,0.511454,0.160702029,1,2.1904262,0.130978251
MC2,2.5,Plate 3,Met-TB2,15,,,Met-TB2-15,1.774866053,1.74821287,1.769433936,0.30786424,0.09673286,1,0.595017808,0.035579556
MC2,2.5,Plate 3,Met-TB2,16,,,Met-TB2-16,1.771437714,1.744784531,1.766880369,0.1859838,0.058437267,1,0.57753683,0.034534267
MC2,2.5,Plate 3,Met-TB2,17,,,Met-TB2-17,1.767971496,1.741318313,1.764328908,0.1150008,0.036133967,1,0.314598417,0.018811659
MC3,2.5,Plate 3,Eth-TB2,1,,,Eth-TB2-1,1.835478102,1.808824918,1.820947456,0,0,1,0.027482242,0.001220112
MC3,2.5,Plate 3,Eth-TB2,2,,,Eth-TB2-2,1.832807356,1.806154173,1.818351777,0.01057692,0.004499259,1,0.028106884,0.001247844
MC3,2.5,Plate 3,Eth-TB2,3,,,Eth-TB2-3,1.83009873,1.803445547,1.815758203,0.01993616,0.008480536,1,0.345437601,0.015336175
MC3,2.5,Plate 3,Eth-TB2,4,,,Eth-TB2-4,1.827352225,1.800699042,1.813166735,0.02897992,0.012327612,1,0.635827699,0.028228441
MC3,2.5,Plate 3,Eth-TB2,5,,,Eth-TB2-5,1.824567841,1.797914657,1.810577372,0.16379504,0.069675891,1,2.296085693,0.101937869
MC3,2.5,Plate 3,Eth-TB2,6,,,Eth-TB2-6,1.821745576,1.795092393,1.807990115,0.3174338,0.135031456,1,3.698083606,0.164181486
MC3,2.5,Plate 3,Eth-TB2,7,,,Eth-TB2-7,1.815987408,1.789334225,1.802821918,0.18409092,0.078309446,1,2.611824761,0.115955537
MC3,2.5,Plate 3,Eth-TB2,8,,,Eth-TB2-8,1.813051505,1.786398322,1.800240978,0.60704444,0.258227368,1,2.466757501,0.109515078
MC3,2.5,Plate 3,Eth-TB2,9,,,Eth-TB2-9,1.807066059,1.780412876,1.795085415,0.95270536,0.405266206,1,7.496491696,0.332817015
MC3,2.5,Plate 3,Eth-TB2,10,,,Eth-TB2-10,1.804016517,1.777363334,1.789938274,1.876755,0.79834271,10,18.3164623,0.813184429
MC3,2.5,Plate 3,Eth-TB2,11,,,Eth-TB2-11,1.800929095,1.774275912,1.787367863,2.175639075,0.925483398,10,17.35733831,0.770602806
MC3,2.5,Plate 3,Eth-TB2,12,,,Eth-TB2-12,1.797803794,1.77115061,1.784799556,2.350813725,1,10,22.52436429,1
MC3,2.5,Plate 3,Eth-TB2,13,,,Eth-TB2-13,1.791439552,1.764786368,1.77966926,2.008530525,0.854397991,10,12.82373492,0.569327274
MC3,2.5,Plate 3,Eth-TB2,14,,,Eth-TB2-14,1.788200611,1.761547428,1.777107271,1.753045575,0.745718623,10,9.06138399,0.402292552
MC3,2.5,Plate 3,Eth-TB2,15,,,Eth-TB2-15,1.781609091,1.754955908,1.771989609,1.00368735,0.426953161,10,1.52612006,0.06775419
MC3,2.5,Plate 3,Eth-TB2,16,,,Eth-TB2-16,1.778256512,1.751603329,1.769433936,0.575394975,0.244764172,1,0.969212497,0.043029516
MC3,2.5,Plate 3,Eth-TB2,17,,,Eth-TB2-17,1.774866053,1.74821287,1.766880369,0.2561703,0.108970905,1,0.100408242,0.004457761
MC3,2.5,Plate 3,Eth-TB2,18,,,Eth-TB2-18,1.771437714,1.744784531,1.764328908,0.161393625,0.068654366,1,0.254671097,0.011306472
MC3,2.5,Plate 3,Eth-TB2,19,,,Eth-TB2-19,1.767971496,1.741318313,1.761779552,0.169985775,0.072309334,1,0.248024145,0.011011372
MC4,2.5,Plate 1,Ace-TB2,1,,,Ace-TB2-1,1.845782289,1.819129106,1.828747128,0,0,1,0.000110328,4.38E-05
MC4,2.5,Plate 1,Ace-TB2,2,,,Ace-TB2-2,1.840705955,1.814052771,1.823545241,0.00100736,0.000434483,1,0.011642132,0.004626372
MC4,2.5,Plate 1,Ace-TB2,3,,,Ace-TB2-3,1.838110968,1.811457785,1.820947456,0,0,1,0.027866014,0.011073448
MC4,2.5,Plate 1,Ace-TB2,4,,,Ace-TB2-4,1.835478102,1.808824918,1.818351777,0.03949592,0.017034945,1,0.073175528,0.029078627
MC4,2.5,Plate 1,Ace-TB2,5,,,Ace-TB2-5,1.83009873,1.803445547,1.813166735,0.59053432,0.25470276,1,0.605551545,0.240635197
MC4,2.5,Plate 1,Ace-TB2,6,,,Ace-TB2-6,1.824567841,1.797914657,1.807990115,0.85669428,0.369499943,1,2.098440773,0.833882288
MC4,2.5,Plate 1,Ace-TB2,7,,,Ace-TB2-7,1.821745576,1.795092393,1.805404964,0.3253208,0.140313785,1,0.680255821,0.27032132
MC4,2.5,Plate 1,Ace-TB2,8,,,Ace-TB2-8,1.818885432,1.792232249,1.802821918,0.20775192,0.08960527,1,0.26745368,0.10628124
MC4,2.5,Plate 1,Ace-TB2,9,,,Ace-TB2-9,1.810077722,1.783424539,1.795085415,0.46697132,0.201408928,1,0.823939898,0.327418766
MC4,2.5,Plate 1,Ace-TB2,10,,,Ace-TB2-10,1.807066059,1.780412876,1.792510792,1.2023552,0.518586605,10,1.38634366,0.550907816
MC4,2.5,Plate 1,Ace-TB2,11,,,Ace-TB2-11,1.800929095,1.774275912,1.787367863,2.31852344,1,10,2.516471213,1
MC4,2.5,Plate 1,Ace-TB2,12,,,Ace-TB2-12,1.797803794,1.77115061,1.784799556,1.29657856,0.559225987,10,1.273666101,0.506131798
MC4,2.5,Plate 1,Ace-TB2,13,,,Ace-TB2-13,1.791439552,1.764786368,1.77966926,0.85974392,0.370815281,1,0.717502599,0.285122514
MC4,2.5,Plate 1,Ace-TB2,14,,,Ace-TB2-14,1.788200611,1.761547428,1.777107271,0.42038544,0.181316019,1,0.289241525,0.114939334
MC4,2.5,Plate 1,Ace-TB2,15,,,Ace-TB2-15,1.781609091,1.754955908,1.771989609,0.2127996,0.09178238,1,0.035823606,0.014235651
MC4,2.5,Plate 1,Ace-TB2,16,,,Ace-TB2-16,1.778256512,1.751603329,1.769433936,0.17368008,0.07490978,1,0.013861532,0.005508321
MC4,2.5,Plate 1,Ace-TB2,17,,,Ace-TB2-17,1.774866053,1.74821287,1.766880369,0.18219804,0.078583652,1,0.016803648,0.006677465
MC4,2.5,Plate 1,Ace-TB2,18,,,Ace-TB2-18,1.735070948,1.708417764,1.738930104,0.124991,0.053909742,1,0.038867732,0.015445331
MC2,4.5,Plate7,Met-TB4,1,H12,P1,Met-TB4-1,1.850707105,1.823201398,1.83135123,0.12446165,0.027170682,1,0.066869688,0.008212886
MC2,4.5,Plate7,Met-TB4,2,G12,P1,Met-TB4-2,1.848263636,1.82075793,1.828747128,0.216121485,0.047180542,1,0.101534693,0.012470417
MC2,4.5,Plate7,Met-TB4,3,F12,P1,Met-TB4-3,1.845782289,1.818276582,1.826145132,0.311604365,0.068024994,1,0.086119335,0.010577114
MC2,4.5,Plate7,Met-TB4,4,E12,P1,Met-TB4-4,1.840705955,1.813200248,1.820947456,0.664256955,0.145011047,1,0.232731148,0.02858387
MC2,4.5,Plate7,Met-TB4,5,D12,P1,Met-TB4-5,1.835478102,1.807972395,1.815758203,1.13169414,0.247055227,10,4.053768904,0.497880937
MC2,4.5,Plate7,Met-TB4,6,C12,P1,Met-TB4-6,1.832807356,1.805301649,1.813166735,1.32377884,0.288988402,10,4.92359149,0.604711912
MC2,4.5,Plate7,Met-TB4,7,B12,P1,Met-TB4-7,1.83009873,1.802593024,1.810577372,1.69079116,0.369109266,10,4.31005929,0.529358335
MC2,4.5,Plate7,Met-TB4,8,A12,P1,Met-TB4-8,1.827352225,1.799846519,1.807990115,2.854209025,0.623089961,10,7.494594855,0.920480668
MC2,4.5,Plate7,Met-TB4,9,A11,P1,Met-TB4-9,1.824567841,1.797062134,1.805404964,4.580733445,1,10,8.142044817,1
MC2,4.5,Plate7,Met-TB4,10,B11,P1,Met-TB4-10,1.821745576,1.79423987,1.802821918,2.458104265,0.536618054,10,3.693270133,0.453604741
MC2,4.5,Plate7,Met-TB4,11,C11,P1,Met-TB4-11,1.818885432,1.791379726,1.800240978,2.21576051,0.483713042,10,4.079862716,0.50108576
MC2,4.5,Plate7,Met-TB4,12,D11,P1,Met-TB4-12,1.810077722,1.782572016,1.792510792,2.38136363,0.519865139,10,4.497547913,0.552385551
MC2,4.5,Plate7,Met-TB4,13,E11,P1,Met-TB4-13,1.807066059,1.779560353,1.789938274,2.907545165,0.634733542,10,5.656637682,0.69474411
MC2,4.5,Plate7,Met-TB4,14,F11,P1,Met-TB4-14,1.804016517,1.776510811,1.787367863,2.66464194,0.581706395,10,5.032886124,0.618135399
MC2,4.5,Plate7,Met-TB4,15,G11,P1,Met-TB4-15,1.800929095,1.773423389,1.784799556,1.76147087,0.384539046,10,3.224583401,0.396040979
MC2,4.5,Plate7,Met-TB4,16,H11,P1,Met-TB4-16,1.794640613,1.767134906,1.77966926,1.404995235,0.3067184,10,1.819353909,0.223451719
MC2,4.5,Plate7,Met-TB4,17,H10,P1,Met-TB4-17,1.791439552,1.763933845,1.777107271,0.993225315,0.2168267,1,0.107367309,0.013186775
MC2,4.5,Plate7,Met-TB4,18,G10,P1,Met-TB4-18,1.788200611,1.760694905,1.774547387,0.88944363,0.194170571,1,0.08842695,0.010860533
MC2,4.5,Plate7,Met-TB4,19,F10,P1,Met-TB4-19,1.774866053,1.747360347,1.764328908,0.953689435,0.208195794,1,,
MC2,4.5,Plate7,Met-TB4,20,E10,P1,Met-TB4-20,1.767971496,1.74046579,1.759232302,0.735496135,0.160562963,1,,
MC3,4.5,X,Eth-TB4,1,A1,P2,Eth-TB4-1,1.853112693,1.825606986,1.833957437,0,0,1,0.000193865,0.000409702
MC3,4.5,X,Eth-TB4,2,B1,P2,Eth-TB4-2,1.850707105,1.823201398,1.83135123,0,0,1,0.000237694,0.000502327
MC3,4.5,X,Eth-TB4,3,C1,P2,Eth-TB4-3,1.845782289,1.818276582,1.826145132,0,0,1,0.000108852,0.000230041
MC3,4.5,X,Eth-TB4,4,D1,P2,Eth-TB4-4,1.843263062,1.815757355,1.823545241,0.005170255,0.004613857,1,0.000454376,0.000960248
MC3,4.5,X,Eth-TB4,5,E1,P2,Eth-TB4-5,1.840705955,1.813200248,1.820947456,0.01316025,0.011744007,1,0.000761204,0.001608678
MC3,4.5,X,Eth-TB4,6,F1,P2,Eth-TB4-6,1.838110968,1.810605262,1.818351777,0.010753625,0.009596372,1,0.001668242,0.003525551
MC3,4.5,X,Eth-TB4,7,G1,P2,Eth-TB4-7,1.835478102,1.807972395,1.815758203,0.05801974,0.051775935,1,0.002084401,0.004405035
MC3,4.5,X,Eth-TB4,8,H1,P2,Eth-TB4-8,1.83009873,1.802593024,1.810577372,0.104515735,0.093268254,1,0.012746345,0.026937276
MC3,4.5,X,Eth-TB4,9,H2,P2,Eth-TB4-9,1.824567841,1.797062134,1.805404964,0.158809195,0.141718913,1,0.047460197,0.100299214
MC3,4.5,X,Eth-TB4,10,G2,P2,Eth-TB4-10,1.821745576,1.79423987,1.802821918,0.386572185,0.344971145,1,0.028373357,0.059962359
MC3,4.5,X,Eth-TB4,11,F2,P2,Eth-TB4-11,1.815987408,1.788481702,1.797662144,0.75420822,0.673043958,1,0.054294328,0.11474201
MC3,4.5,X,Eth-TB4,12,E2,P2,Eth-TB4-12,1.813051505,1.785545799,1.795085415,1.12059281,1,10,0.473186131,1
MC3,4.5,X,Eth-TB4,13,F2,P2,Eth-TB4-13,1.810077722,1.782572016,1.792510792,1.031932745,0.920881105,10,0.372882096,0.788024145
MC3,4.5,X,Eth-TB4,14,C2,P2,Eth-TB4-14,1.804016517,1.776510811,1.787367863,0.920842935,0.821746246,1,0.044048635,0.093089446
MC3,4.5,X,Eth-TB4,15,B2,P2,Eth-TB4-15,1.800929095,1.773423389,1.784799556,0.68663019,0.612738351,1,0.035059273,0.074091929
MC3,4.5,X,Eth-TB4,16,A2,P2,Eth-TB4-16,1.797803794,1.770298087,1.782233356,0.454342745,0.405448563,1,0.020171677,0.042629477
MC3,4.5,X,Eth-TB4,17,A3,P2,Eth-TB4-17,1.794640613,1.767134906,1.77966926,0.303591755,0.27092067,1,0.034353225,0.072599815
MC3,4.5,X,Eth-TB4,18,B3,P2,Eth-TB4-18,1.791439552,1.763933845,1.777107271,0.211177355,0.188451463,1,0.00684637,0.014468661
MC3,4.5,X,Eth-TB4,19,C3,P2,Eth-TB4-19,1.788200611,1.760694905,1.774547387,0.12867825,0.114830515,1,,
MC3,4.5,X,Eth-TB4,20,D3,P2,Eth-TB4-20,1.781609091,1.754103385,1.769433936,0.141866555,0.126599558,1,,
MC4,4.5,X,Ace-TB4,1,H12,P2,Ace-TB4-1,1.848263636,1.819943287,1.823545241,0,0,1,0.000110272,0.000352664
MC4,4.5,X,Ace-TB4,2,G12,P2,Ace-TB4-2,1.845782289,1.817461939,1.820947456,0,0,1,0.000105335,0.000336874
MC4,4.5,X,Ace-TB4,3,F12,P2,Ace-TB4-3,1.843263062,1.814942712,1.818351777,0,0,1,0.00266631,0.008527216
MC4,4.5,X,Ace-TB4,4,E12,P2,Ace-TB4-4,1.840705955,1.812385605,1.815758203,0,0,1,0.008597514,0.027495997
MC4,4.5,X,Ace-TB4,5,D12,P2,Ace-TB4-5,1.835478102,1.807157752,1.810577372,0.015951935,0.025909336,1,0.002549771,0.008154507
MC4,4.5,X,Ace-TB4,6,C12,P2,Ace-TB4-6,1.832807356,1.804487006,1.807990115,0.061196485,0.099396112,1,0.014265725,0.045623689
MC4,4.5,X,Ace-TB4,7,B12,P2,Ace-TB4-7,1.827352225,1.799031875,1.802821918,0.151300525,0.245744244,1,0.026001596,0.083156569
MC4,4.5,X,Ace-TB4,8,A12,P2,Ace-TB4-8,1.824567841,1.796247491,1.800240978,0.230622885,0.374580633,1,0.018772552,0.060037124
MC4,4.5,X,Ace-TB4,9,A11,P2,Ace-TB4-9,1.821745576,1.793425226,1.797662144,0.615682885,1,1,0.062603771,0.200215205
MC4,4.5,X,Ace-TB4,10,B11,P2,Ace-TB4-10,1.818885432,1.790565082,1.795085415,0.38994146,0.633347896,1,0.251482357,0.804274105
MC4,4.5,X,Ace-TB4,11,C11,P2,Ace-TB4-11,1.813051505,1.784731155,1.789938274,0.493041275,0.800803932,1,0.3126824,1
MC4,4.5,X,Ace-TB4,12,D11,P2,Ace-TB4-12,1.807066059,1.778745709,1.784799556,0.54069245,0.878199578,1,0.217833802,0.696661538
MC4,4.5,X,Ace-TB4,13,E11,P2,Ace-TB4-13,1.804016517,1.775696167,1.782233356,0.544446785,0.884297417,1,0.150314197,0.48072484
MC4,4.5,X,Ace-TB4,14,F11,P2,Ace-TB4-14,1.800929095,1.772608745,1.77966926,0.477253815,0.775161738,1,0.182432096,0.583442165
MC4,4.5,X,Ace-TB4,15,G11,P2,Ace-TB4-15,1.797803794,1.769483444,1.777107271,0.458000815,0.743890769,1,0.122099791,0.390491408
MC4,4.5,X,Ace-TB4,16,H11,P2,Ace-TB4-16,1.794640613,1.766320263,1.774547387,0.32525138,0.528277443,1,0.047108714,0.150659948
MC4,4.5,X,Ace-TB4,17,H10,P2,Ace-TB4-17,1.788200611,1.759880261,1.769433936,0.17430786,0.283113051,1,0.049407259,0.158011
MC4,4.5,X,Ace-TB4,18,G10,P2,Ace-TB4-18,1.784923791,1.756603441,1.766880369,0.159386785,0.258878051,1,0.031355582,0.100279332
MC4,4.5,X,Ace-TB4,19,F10,P2,Ace-TB4-19,1.781609091,1.753288741,1.764328908,0.17219003,0.279673244,1,0.01064143,0.034032712
MC4,4.5,X,Ace-TB4,20,E10,P2,Ace-TB4-20,1.778256512,1.749936162,1.761779552,0.173248945,0.281393148,1,,
MC5,4.5,X,Glu-TB4,1,A1,P3,Glu-TB4-1,1.853112693,1.825606987,1.826145132,0,0,1,0.002102109,0.006339531
MC5,4.5,X,Glu-TB4,2,B1,P3,Glu-TB4-2,1.850707105,1.823201399,1.823545241,0,0,1,0.002477348,0.007471176
MC5,4.5,X,Glu-TB4,3,C1,P3,Glu-TB4-3,1.848263636,1.82075793,1.820947456,0,0,1,0.005056958,0.015250751
MC5,4.5,X,Glu-TB4,4,D1,P3,Glu-TB4-4,1.843263062,1.815757356,1.815758203,0,0,1,0.0062069,0.018718743
MC5,4.5,X,Glu-TB4,5,E1,P3,Glu-TB4-5,1.840705955,1.813200249,1.813166735,0,0,1,0.011927312,0.035970336
MC5,4.5,X,Glu-TB4,6,F1,P3,Glu-TB4-6,1.838110968,1.810605262,1.810577372,0,0,1,0.016721646,0.050429068
MC5,4.5,X,Glu-TB4,7,G1,P3,Glu-TB4-7,1.835478102,1.807972396,1.807990115,0.04275285,0.056362835,1,0.038606241,0.116428536
MC5,4.5,X,Glu-TB4,8,H1,P3,Glu-TB4-8,1.83009873,1.802593024,1.802821918,0.0220143,0.029022354,1,0.084592546,0.255113839
MC5,4.5,X,Glu-TB4,9,H2,P3,Glu-TB4-9,1.827352225,1.799846519,1.800240978,0.13044729,0.171974011,1,0.074454847,0.224540608
MC5,4.5,X,Glu-TB4,10,G2,P3,Glu-TB4-10,1.824567841,1.797062135,1.797662144,0.143581705,0.189289649,1,0.16802415,0.506726511
MC5,4.5,X,Glu-TB4,11,F2,P3,Glu-TB4-11,1.818885432,1.791379726,1.792510792,0.44646329,0.588590861,1,0.198737899,0.599352903
MC5,4.5,X,Glu-TB4,12,E2,P3,Glu-TB4-12,1.815987408,1.788481702,1.789938274,0.6402206,0.844029067,1,0.331587447,1
MC5,4.5,X,Glu-TB4,13,F2,P3,Glu-TB4-13,1.810077722,1.782572016,1.784799556,0.75852909,1,1,0.311295399,0.938803329
MC5,4.5,X,Glu-TB4,14,C2,P3,Glu-TB4-14,1.807066059,1.779560353,1.782233356,0.73522291,0.969274507,1,0.201698213,0.608280606
MC5,4.5,X,Glu-TB4,15,B2,P3,Glu-TB4-15,1.800929095,1.773423389,1.777107271,0.60427378,0.7966389,1,0.134717108,0.406279276
MC5,4.5,X,Glu-TB4,16,A2,P3,Glu-TB4-16,1.797803794,1.770298088,1.774547387,0.43382265,0.571926187,1,0.09784147,0.295069885
MC5,4.5,X,Glu-TB4,17,A3,P3,Glu-TB4-17,1.794640613,1.767134907,1.771989609,0.37437214,0.493550142,1,0.055190674,0.166443798
MC5,4.5,X,Glu-TB4,18,B3,P3,Glu-TB4-18,1.791439552,1.763933846,1.769433936,0.300404645,0.39603576,1,0.046896682,0.141430812
MC5,4.5,X,Glu-TB4,19,C3,P3,Glu-TB4-19,1.788200611,1.760694905,1.766880369,0.35481865,0.467771974,1,,
MC5,4.5,X,Glu-TB4,20,D3,P3,Glu-TB4-20,1.784923791,1.757418085,1.764328908,0.31156396,0.410747543,1,,
MC5,4.5,X,Glu-TB4,21,E3,P3,Glu-TB4-21,1.764467398,1.736961692,1.749064358,0.53712038,0.70810782,1,,
MC6,4.5,X,Xyl-TB4,1,H12,P3,Xyl-TB4-1,1.853112693,1.824792343,1.833957437,0,0,1,0.00132965,0.001049273
MC6,4.5,X,Xyl-TB4,2,G12,P3,Xyl-TB4-2,1.850707105,1.822386755,1.83135123,0.004534665,0.003736564,1,0.002785962,0.002198498
MC6,4.5,X,Xyl-TB4,3,F12,P3,Xyl-TB4-3,1.848263636,1.819943287,1.828747128,0.009274905,0.007642522,1,0.001782413,0.001406563
MC6,4.5,X,Xyl-TB4,4,E12,P3,Xyl-TB4-4,1.845782289,1.817461939,1.826145132,0.051542045,0.042470649,1,0.001766286,0.001393837
MC6,4.5,X,Xyl-TB4,5,D12,P3,Xyl-TB4-5,1.840705955,1.812385605,1.820947456,0.084526215,0.069649607,1,0.00059017,0.000465723
MC6,4.5,X,Xyl-TB4,6,C12,P3,Xyl-TB4-6,1.838110968,1.809790618,1.818351777,0.0970681,0.079984121,1,0.002713094,0.002140996
MC6,4.5,X,Xyl-TB4,7,B12,P3,Xyl-TB4-7,1.832807356,1.804487006,1.813166735,0.16975178,0.139875479,1,0.002010088,0.00158623
MC6,4.5,X,Xyl-TB4,8,A12,P3,Xyl-TB4-8,1.83009873,1.80177838,1.810577372,0.18970029,0.156313052,1,0.012268661,0.009681624
MC6,4.5,X,Xyl-TB4,9,A11,P3,Xyl-TB4-9,1.824567841,1.796247491,1.805404964,0.27640718,0.227759536,1,0.032705303,0.025808883
MC6,4.5,X,Xyl-TB4,10,B11,P3,Xyl-TB4-10,1.821745576,1.793425226,1.802821918,0.332401265,0.273898666,1,0.019958326,0.015749804
MC6,4.5,X,Xyl-TB4,11,C11,P3,Xyl-TB4-11,1.818885432,1.790565082,1.800240978,0.55706889,0.459024804,1,0.117008859,0.092335727
MC6,4.5,X,Xyl-TB4,12,D11,P3,Xyl-TB4-12,1.813051505,1.784731155,1.795085415,0.805832735,0.66400623,1,0.067139151,0.05298182
MC6,4.5,X,Xyl-TB4,13,E11,P3,Xyl-TB4-13,1.810077722,1.781757372,1.792510792,1.21359213,1,10,1.032533177,0.814807547
MC6,4.5,X,Xyl-TB4,14,F11,P3,Xyl-TB4-14,1.807066059,1.778745709,1.789938274,1.156412985,0.952884381,10,1.15102026,0.908309791
MC6,4.5,X,Xyl-TB4,15,G11,P3,Xyl-TB4-15,1.804016517,1.775696167,1.787367863,1.1162197,0.919765111,10,1.267211112,1
MC6,4.5,X,Xyl-TB4,16,H11,P3,Xyl-TB4-16,1.797803794,1.769483444,1.782233356,0.788254345,0.649521635,1,0.304524685,0.240310933
MC6,4.5,X,Xyl-TB4,17,H10,P3,Xyl-TB4-17,1.794640613,1.766320263,1.77966926,0.552624915,0.455362969,1,0.179975606,0.142024959
MC6,4.5,X,Xyl-TB4,18,G10,P3,Xyl-TB4-18,1.791439552,1.763119202,1.777107271,0.378816115,0.312144505,1,0.075591677,0.059652
MC6,4.5,X,Xyl-TB4,19,F10,P3,Xyl-TB4-19,1.788200611,1.759880261,1.774547387,0.28825778,0.237524431,1,0.022790233,0.017984559
MC6,4.5,X,Xyl-TB4,20,E10,P3,Xyl-TB4-20,1.781609091,1.753288741,1.769433936,0.271568185,0.223772203,1,,
MC6,4.5,X,Xyl-TB4,21,D10,P3,Xyl-TB4-21,1.707360372,1.679040022,1.718762665,0.21379651,0.176168339,1,,
MC1,1.5,X,C12-TB1,1,A1,P5,A1_C12-TB1-1,1.850707105,1.822386755,1.823545241,0,0,1,0.001220632,0.00074021
MC1,1.5,X,C12-TB1,2,B1,P5,B1_C12-TB1-2,1.848263636,1.819943286,1.820947456,0,0,1,0.000437013,0.000265012
MC1,1.5,X,C12-TB1,3,C1,P5,C1_C12-TB1-3,1.845782289,1.817461939,1.815758203,0,0,1,0.002341793,0.0014201
MC1,1.5,X,C12-TB1,4,D1,P5,D1_C12-TB1-4,1.843263062,1.814942712,1.813166735,0,0,1,0.001835131,0.001112853
MC1,1.5,X,C12-TB1,5,E1,P5,E1_C12-TB1-5,1.840705955,1.812385605,1.810577372,0.053377165,0.043238591,1,0.001523697,0.000923994
MC1,1.5,X,C12-TB1,6,F1,P5,F1_C12-TB1-6,1.835478102,1.807157752,1.807990115,0.03565834,0.028885318,1,0.010254227,0.006218325
MC1,1.5,X,C12-TB1,7,G1,P5,G1_C12-TB1-7,1.832807356,1.804487006,1.802821918,0.07909804,0.064073988,1,0.03488188,0.021152923
MC1,1.5,X,C12-TB1,8,H1,P5,H1_C12-TB1-8,1.827352225,1.799031875,1.800240978,0.207473785,0.168065767,1,0.066710599,0.040454361
MC1,1.5,X,C12-TB1,9,H2,P5,H2_C12-TB1-9,1.821745576,1.793425226,1.795085415,0.230108155,0.186400916,1,0.219335172,0.133008314
MC1,1.5,X,C12-TB1,10,G2,P5,G2_C12-TB1-10,1.818885432,1.790565082,1.789938274,0.740296,0.599682581,1,0.522865001,0.317073597
MC1,1.5,X,C12-TB1,11,F2,P5,F2_C12-TB1-11,1.815987408,1.787667058,1.787367863,1.06289293,0.861004755,10,1.430477658,0.867464253
MC1,1.5,X,C12-TB1,12,E2,P5,E2_C12-TB1-12,1.813051505,1.784731155,1.784799556,1.234479745,1,10,1.649033552,1
MC1,1.5,X,C12-TB1,13,D2,P5,D2_C12-TB1-13,1.807066059,1.778745709,1.77966926,0.981843595,0.795350105,1,1.384055152,0.839312912
MC1,1.5,X,C12-TB1,14,C2,P5,C2_C12-TB1-14,1.800929095,1.772608745,1.777107271,0.64038469,0.518748641,1,0.326013164,0.197699533
MC1,1.5,X,C12-TB1,15,B2,P5,B2_C12-TB1-15,1.797803794,1.769483444,1.774547387,0.354254245,0.28696643,1,0.538605567,0.326618925
MC1,1.5,X,C12-TB1,16,A2,P5,A2_C12-TB1-16,1.794640613,1.766320263,1.771989609,0.24119671,0.195383287,1,0.146213807,0.088666363
MC1,1.5,X,C12-TB1,17,A3,P5,A3_C12-TB1-17,1.788200611,1.759880261,1.769433936,0.1207087,0.097781029,1,0.088887346,0.053902691
MC1,1.5,X,C12-TB1,18,B3,P5,B3_C12-TB1-18,1.784923791,1.756603441,1.766880369,0.07772626,0.062962767,1,0.03723844,0.022581978
MC1,1.5,X,C12-TB1,19,C3,P5,C3_C12-TB1-19,1.778256512,1.749936162,1.764328908,0.05554915,0.044998025,1,,
MC1,1.5,X,C12-TB1,20,D3,P5,D3_C12-TB1-20,1.774866053,1.746545703,1.746527636,0.107562475,0.087131827,1,,
MC1,1.5,X,C12-TB1,21,E3,P5,E3_C12-TB1-21,1.44944505,1.4211247,1.526845169,0.053148535,0.043053388,1,,
MC1,1.5,X,C12-TB1,22,F3,P5,F3_C12-TB1-22,-0.499186468,-0.527506818,1.113251752,0,0,1,,
MC2,1.5,X,Met-TB1,1,H12,P5,H12_Met-TB1-1,1.850707105,1.821609991,1.820947456,0,0,1,0.004898527,0.001877767
MC2,1.5,X,Met-TB1,2,G12,P5,G12_Met-TB1-2,1.848263636,1.819166522,1.818351777,0,0,1,0.006133836,0.002351302
MC2,1.5,X,Met-TB1,3,F12,P5,F12_Met-TB1-3,1.845782289,1.816685175,1.815758203,0.055892095,0.04180705,1,0.023314979,0.008937402
MC2,1.5,X,Met-TB1,4,E12,P5,E12_Met-TB1-4,1.840705955,1.811608841,1.810577372,0.10493323,0.07848961,1,0.065503303,0.02510958
MC2,1.5,X,Met-TB1,5,D12,P5,D12_Met-TB1-5,1.838110968,1.809013854,1.807990115,0.103675765,0.077549032,1,0.03135996,0.012021309
MC2,1.5,X,Met-TB1,6,C12,P5,C12_Met-TB1-6,1.835478102,1.806380988,1.802821918,0.15317416,0.114573621,1,0.0451611,0.017311742
MC2,1.5,X,Met-TB1,7,B12,P5,B12_Met-TB1-7,1.83009873,1.801001616,1.800240978,0.303955645,0.227357532,1,0.072862164,0.027930474
MC2,1.5,X,Met-TB1,8,A12,P5,A12_Met-TB1-8,1.827352225,1.798255111,1.797662144,0.45519439,0.340483471,1,0.196645551,0.075380736
MC2,1.5,X,Met-TB1,9,A11,P5,A11_Met-TB1-9,1.821745576,1.792648462,1.792510792,0.89096317,0.666436668,1,0.617836302,0.236837066
MC2,1.5,X,Met-TB1,10,B11,P5,B11_Met-TB1-10,1.818885432,1.789788318,1.789938274,0.858612025,0.642238149,1,1.007664925,0.386271257
MC2,1.5,X,Met-TB1,11,C11,P5,C11_Met-TB1-11,1.813051505,1.783954391,1.784799556,1.297352995,0.970414531,10,2.608697664,1
MC2,1.5,X,Met-TB1,12,D11,P5,D11_Met-TB1-12,1.810077722,1.780980608,1.782233356,1.336905985,1,10,2.26612323,0.868679901
MC2,1.5,X,Met-TB1,13,E11,P5,E11_Met-TB1-13,1.807066059,1.777968945,1.77966926,1.079239975,0.807266919,10,1.382664158,0.530020852
MC2,1.5,X,Met-TB1,14,F11,P5,F11_Met-TB1-14,1.800929095,1.771831981,1.777107271,0.574424935,0.429667412,1,0.43042042,0.164994367
MC2,1.5,X,Met-TB1,15,G11,P5,G11_Met-TB1-15,1.797803794,1.76870668,1.774547387,0.395864905,0.296105268,1,0.272223608,0.104352302
MC2,1.5,X,Met-TB1,16,H11,P5,H11_Met-TB1-16,1.794640613,1.765543499,1.769433936,0.22793617,0.170495287,1,0.12679639,0.048605245
MC2,1.5,X,Met-TB1,17,H10,P5,H10_Met-TB1-17,1.791439552,1.762342438,1.766880369,0.13191157,0.098669294,1,0.043145449,0.016539076
MC2,1.5,X,Met-TB1,18,G10,P5,G10_Met-TB1-18,1.788200611,1.759103497,1.764328908,0.09121543,0.068228754,1,,
MC2,1.5,X,Met-TB1,19,F10,P5,F10_Met-TB1-19,1.784923791,1.755826677,1.761779552,0.080584135,0.060276591,1,,
MC2,1.5,X,Met-TB1,20,E10,P5,E10_Met-TB1-20,1.778256512,1.749159398,1.756687158,0.104361655,0.078062075,1,,
MC2,1.5,X,Met-TB1,21,D10,P5,D10_Met-TB1-21,1.617959797,1.588862683,1.696235376,0.0589786,0.044115742,1,,
MC2,1.5,X,Met-TB1,22,C10,P5,C10_Met-TB1-22,0.1315211,0.102423986,1.298489937,0,0,1,,
MC6,1.5,X,Xyl-TB1,1,A1,P6,Xyl-TB1-1,1.840705955,1.820947456,1.820947456,0,0,1,0.000322529,5.27E-05
MC6,1.5,X,Xyl-TB1,2,B1,P6,Xyl-TB1-2,1.838110968,1.818351777,1.818351777,0,0,1,0.000251742,4.11E-05
MC6,1.5,X,Xyl-TB1,3,C1,P6,Xyl-TB1-3,1.835478102,1.815758203,1.815758203,0,0,1,0.000282915,4.62E-05
MC6,1.5,X,Xyl-TB1,4,D1,P6,Xyl-TB1-4,1.832807356,1.813166735,1.813166735,0.00379378,0.003431211,1,0.001412739,0.000230921
MC6,1.5,X,Xyl-TB1,5,E1,P6,Xyl-TB1-5,1.827352225,1.807990115,1.807990115,0.05971243,0.05400575,1,0.005867349,0.000959053
MC6,1.5,X,Xyl-TB1,6,F1,P6,Xyl-TB1-6,1.824567841,1.805404964,1.805404964,0.1171813,0.105982355,1,0.019974319,0.00326492
MC6,1.5,X,Xyl-TB1,7,G1,P6,Xyl-TB1-7,1.821745576,1.802821918,1.802821918,0.14419942,0.13041837,1,0.055947255,0.009144909
MC6,1.5,X,Xyl-TB1,8,H1,P6,Xyl-TB1-8,1.818885432,1.800240978,1.800240978,0.27430717,0.248091803,1,0.16491621,0.026956526
MC6,1.5,X,Xyl-TB1,9,H2,P6,Xyl-TB1-9,1.813051505,1.795085415,1.795085415,0.37883629,0.342631139,1,0.124650864,0.020374918
MC6,1.5,X,Xyl-TB1,10,G2,P6,Xyl-TB1-10,1.807066059,1.789938274,1.789938274,0.67935751,0.614431732,1,0.940722205,0.153766587
MC6,1.5,X,Xyl-TB1,11,F2,P6,Xyl-TB1-11,1.804016517,1.787367863,1.787367863,0.99682042,0.901554907,1,1.089687314,0.178115812
MC6,1.5,X,Xyl-TB1,12,E2,P6,Xyl-TB1-12,1.800929095,1.784799556,1.784799556,1.10566801,1,10,6.117858376,1
MC6,1.5,X,Xyl-TB1,13,D2,P6,Xyl-TB1-13,1.794640613,1.77966926,1.77966926,0.7815613,0.706867968,1,1.868074891,0.305347848
MC6,1.5,X,Xyl-TB1,14,C2,P6,Xyl-TB1-14,1.791439552,1.777107271,1.777107271,0.57504985,0.52009269,1,0.772921687,0.126338604
MC6,1.5,X,Xyl-TB1,15,B2,P6,Xyl-TB1-15,1.788200611,1.774547387,1.774547387,0.32413567,0.293158224,1,0.433148131,0.070800614
MC6,1.5,X,Xyl-TB1,16,A2,P6,Xyl-TB1-16,1.781609091,1.769433936,1.769433936,0.2234821,0.202124053,1,0.187259335,0.030608642
MC6,1.5,X,Xyl-TB1,17,A3,P6,Xyl-TB1-17,1.778256512,1.766880369,1.766880369,0.12293926,0.111190031,1,0.04451873,0.007276849
MC6,1.5,X,Xyl-TB1,18,B3,P6,Xyl-TB1-18,1.774866053,1.764328908,1.764328908,0.08296573,0.075036746,1,0.00728335,0.001190506
MC6,1.5,X,Xyl-TB1,19,C3,P6,Xyl-TB1-19,1.771437714,1.761779552,1.761779552,0.07587901,0.0686273,1,,
MC6,1.5,X,Xyl-TB1,20,D3,P6,Xyl-TB1-20,1.767971496,1.759232302,1.759232302,0.07931164,0.071731875,1,,
MC6,1.5,X,Xyl-TB1,21,E3,P6,Xyl-TB1-21,1.650973522,1.686277994,1.686277994,0.09558895,0.086453573,1,,
MC5,1.5,X,Glu-TB1,1,H12,P6,Glu-TB1-1,1.845782289,1.826145132,1.823545241,0.00412597,0.003428788,1,0.004012188,0.000195593
MC5,1.5,X,Glu-TB1,2,G12,P6,Glu-TB1-2,1.843263062,1.823545241,1.820947456,0.04232782,0.035175516,1,0.002917399,0.000142222
MC5,1.5,X,Glu-TB1,3,F12,P6,Glu-TB1-3,1.840705955,1.820947456,1.818351777,0.08119405,0.067474362,1,0.003691798,0.000179974
MC5,1.5,X,Glu-TB1,4,E12,P6,Glu-TB1-4,1.838110968,1.818351777,1.815758203,0.14796424,0.122962122,1,0.015366391,0.000749107
MC5,1.5,X,Glu-TB1,5,D12,P6,Glu-TB1-5,1.835478102,1.815758203,1.813166735,0.30863347,0.25648242,1,0.031903285,0.001555276
MC5,1.5,X,Glu-TB1,6,C12,P6,Glu-TB1-6,1.83009873,1.810577372,1.807990115,0.37219249,0.309301614,1,0.051924566,0.002531308
MC5,1.5,X,Glu-TB1,7,B12,P6,Glu-TB1-7,1.827352225,1.807990115,1.805404964,0.41825617,0.347581727,1,0.149869539,0.007306098
MC5,1.5,X,Glu-TB1,8,A12,P6,Glu-TB1-8,1.821745576,1.802821918,1.800240978,0.64558486,0.536497766,1,0.31342495,0.015279378
MC5,1.5,X,Glu-TB1,9,A11,P6,Glu-TB1-9,1.818885432,1.800240978,1.797662144,1.13379343,0.942211752,10,4.484025463,0.218594975
MC5,1.5,X,Glu-TB1,10,B11,P6,Glu-TB1-10,1.815987408,1.797662144,1.795085415,1.04122315,0.865283448,10,6.146483193,0.29963932
MC5,1.5,X,Glu-TB1,11,C11,P6,Glu-TB1-11,1.810077722,1.792510792,1.789938274,1.18041076,0.980951963,10,15.19680984,0.740840188
MC5,1.5,X,Glu-TB1,12,D11,P6,Glu-TB1-12,1.804016517,1.787367863,1.784799556,1.20333187,1,10,20.51293935,1
MC5,1.5,X,Glu-TB1,13,E11,P6,Glu-TB1-13,1.800929095,1.784799556,1.782233356,0.93447943,0.776576648,1,0.41751978,0.020353971
MC5,1.5,X,Glu-TB1,14,F11,P6,Glu-TB1-14,1.797803794,1.782233356,1.77966926,0.55545064,0.461593891,1,0.244014366,0.011895631
MC5,1.5,X,Glu-TB1,15,G11,P6,Glu-TB1-15,1.794640613,1.77966926,1.777107271,0.35768686,0.29724706,1,0.114426187,0.005578244
MC5,1.5,X,Glu-TB1,16,H11,P6,Glu-TB1-16,1.791439552,1.777107271,1.774547387,0.24463153,0.203295147,1,0.052243772,0.002546869
MC5,1.5,X,Glu-TB1,17,H10,P6,Glu-TB1-17,1.784923791,1.771989609,1.769433936,0.13412299,0.111459684,1,0.032370445,0.00157805
MC5,1.5,X,Glu-TB1,18,G10,P6,Glu-TB1-18,1.781609091,1.769433936,1.766880369,0.11695984,0.097196661,1,0.010633272,0.000518369
MC5,1.5,X,Glu-TB1,19,F10,P6,Glu-TB1-19,1.778256512,1.766880369,1.764328908,0.10599757,0.08808673,1,0.006099707,0.000297359
MC5,1.5,X,Glu-TB1,20,E10,P6,Glu-TB1-20,1.771437714,1.761779552,1.759232302,0.14663548,0.121857888,1,,
MC5,1.5,X,Glu-TB1,21,D10,P6,Glu-TB1-21,1.572786245,1.646785364,1.644334972,0.16568104,0.137685242,1,,
MC3,1.5,X,Eth-TB1,1,A1,P7,Eth-TB1-1,1.843263062,1.196579616,1.820947456,0,0,1,0.000153835,8.95E-05
MC3,1.5,X,Eth-TB1,2,B1,P7,Eth-TB1-2,1.840705955,1.823545241,1.818351777,0,0,1,6.00E-05,3.49E-05
MC3,1.5,X,Eth-TB1,3,C1,P7,Eth-TB1-3,1.838110968,1.820947456,1.815758203,0,0,1,0.000257869,0.000150096
MC3,1.5,X,Eth-TB1,4,D1,P7,Eth-TB1-4,1.835478102,1.818351777,1.813166735,0.00438193,0.003384027,1,0.000466409,0.00027148
MC3,1.5,X,Eth-TB1,5,E1,P7,Eth-TB1-5,1.83009873,1.815758203,1.807990115,0.02365711,0.018269642,1,0.002502707,0.001456733
MC3,1.5,X,Eth-TB1,6,F1,P7,Eth-TB1-6,1.827352225,1.810577372,1.805404964,0.04096332,0.031634684,1,0.008294169,0.004827731
MC3,1.5,X,Eth-TB1,7,G1,P7,Eth-TB1-7,1.824567841,1.807990115,1.802821918,0.07671567,0.0592451,1,0.0283399,0.016495613
MC3,1.5,X,Eth-TB1,8,H1,P7,Eth-TB1-8,1.821745576,1.805404964,1.800240978,0.18117471,0.139915533,1,0.061741628,0.035937531
MC3,1.5,X,Eth-TB1,9,H2,P7,Eth-TB1-9,1.815987408,1.802821918,1.795085415,0.29050436,0.224347385,1,0.113134623,0.065851503
MC3,1.5,X,Eth-TB1,10,G2,P7,Eth-TB1-10,1.813051505,1.797662144,1.792510792,0.52906062,0.408576886,1,0.507380071,0.295327277
MC3,1.5,X,Eth-TB1,11,F2,P7,Eth-TB1-11,1.810077722,1.795085415,1.789938274,0.86596175,0.668755038,1,1.324763255,0.771095964
MC3,1.5,X,Eth-TB1,12,E2,P7,Eth-TB1-12,1.804016517,1.792510792,1.784799556,0.90316492,0.697485877,1,1.718026442,1
MC3,1.5,X,Eth-TB1,13,D2,P7,Eth-TB1-13,1.800929095,1.787367863,1.782233356,1.29488632,1,10,1.571177874,0.91452485
MC3,1.5,X,Eth-TB1,14,C2,P7,Eth-TB1-14,1.794640613,1.784799556,1.777107271,0.66626674,0.514536859,1,0.387499125,0.225548988
MC3,1.5,X,Eth-TB1,15,B2,P7,Eth-TB1-15,1.791439552,1.77966926,1.774547387,0.4374517,0.337830197,1,0.433613124,0.252390251
MC3,1.5,X,Eth-TB1,16,A2,P7,Eth-TB1-16,1.788200611,1.777107271,1.771989609,0.31527193,0.243474601,1,0.093116518,0.0541997
MC3,1.5,X,Eth-TB1,17,A3,P7,Eth-TB1-17,1.784923791,1.774547387,1.769433936,0.16739192,0.129271518,1,0.038979908,0.022688771
MC3,1.5,X,Eth-TB1,18,B3,P7,Eth-TB1-18,1.781609091,1.771989609,1.766880369,0.0820008,0.06332664,1,0.008055296,0.004688692
MC3,1.5,X,Eth-TB1,19,C3,P7,Eth-TB1-19,1.778256512,1.769433936,1.764328908,0.09194928,0.071009539,1,0.004887979,0.002845113
MC3,1.5,X,Eth-TB1,20,D3,P7,Eth-TB1-20,1.771437714,1.766880369,1.759232302,0.09163839,0.070769448,1,,
MC3,1.5,X,Eth-TB1,21,E3,P7,Eth-TB1-21,1.641730427,1.761779552,1.678832066,0.13195046,0.101901192,1,,
MC4,1.5,X,Ace-TB1,1,H12,P7,Ace-TB1-1,1.845782289,1.826145132,1.823545241,0,0,1,0.002229262,0.001314752
MC4,1.5,X,Ace-TB1,2,G12,P7,Ace-TB1-2,1.843263062,1.823545241,1.820947456,0.01070336,0.012336463,1,0.002551116,0.001504571
MC4,1.5,X,Ace-TB1,3,F12,P7,Ace-TB1-3,1.840705955,1.820947456,1.818351777,0.0726741,0.083762608,1,0.012669954,0.007472358
MC4,1.5,X,Ace-TB1,4,E12,P7,Ace-TB1-4,1.835478102,1.815758203,1.813166735,0.14967119,0.172507802,1,0.030400649,0.017929388
MC4,1.5,X,Ace-TB1,5,D12,P7,Ace-TB1-5,1.832807356,1.813166735,1.810577372,0.28708457,0.330887516,1,0.078378315,0.046225172
MC4,1.5,X,Ace-TB1,6,C12,P7,Ace-TB1-6,1.83009873,1.810577372,1.807990115,0.30729242,0.35417865,1,0.102566366,0.060490557
MC4,1.5,X,Ace-TB1,7,B12,P7,Ace-TB1-7,1.827352225,1.807990115,1.805404964,0.34594641,0.398730409,1,0.176966249,0.104369369
MC4,1.5,X,Ace-TB1,8,A12,P7,Ace-TB1-8,1.824567841,1.805404964,1.802821918,0.39651785,0.457017966,1,0.274845155,0.162095403
MC4,1.5,X,Ace-TB1,9,A11,P7,Ace-TB1-9,1.818885432,1.800240978,1.797662144,0.41434221,0.477561941,1,0.169056759,0.09970459
MC4,1.5,X,Ace-TB1,10,B11,P7,Ace-TB1-10,1.813051505,1.795085415,1.792510792,0.63942657,0.736989345,1,0.577269067,0.340455926
MC4,1.5,X,Ace-TB1,11,C11,P7,Ace-TB1-11,1.810077722,1.792510792,1.789938274,0.8384998,0.966436878,1,1.695576495,1
MC4,1.5,X,Ace-TB1,12,D11,P7,Ace-TB1-12,1.804016517,1.787367863,1.784799556,0.86761983,1,1,1.442660701,0.850837875
MC4,1.5,X,Ace-TB1,13,E11,P7,Ace-TB1-13,1.800929095,1.784799556,1.782233356,0.74398924,0.857506035,1,0.937024173,0.552628664
MC4,1.5,X,Ace-TB1,14,F11,P7,Ace-TB1-14,1.794640613,1.77966926,1.777107271,0.45683051,0.526533044,1,0.456839304,0.269430076
MC4,1.5,X,Ace-TB1,15,G11,P7,Ace-TB1-15,1.791439552,1.777107271,1.774547387,0.30449441,0.350953724,1,0.06395774,0.037720351
MC4,1.5,X,Ace-TB1,16,H11,P7,Ace-TB1-16,1.788200611,1.774547387,1.771989609,0.20801488,0.239753487,1,0.023816078,0.014046006
MC4,1.5,X,Ace-TB1,17,H10,P7,Ace-TB1-17,1.784923791,1.771989609,1.769433936,0.096509,0.111234203,1,0.029802384,0.017576549
MC4,1.5,X,Ace-TB1,18,G10,P7,Ace-TB1-18,1.781609091,1.769433936,1.766880369,0.0716378,0.082568191,1,0.015686834,0.009251623
MC4,1.5,X,Ace-TB1,19,F10,P7,Ace-TB1-19,1.778256512,1.766880369,1.764328908,0.06293288,0.072535087,1,0.017926625,0.010572584
MC4,1.5,X,Ace-TB1,20,E10,P7,Ace-TB1-20,1.75007221,1.746527636,1.74399302,0.11350432,0.130822644,1,,
MC4,1.5,X,Ace-TB1,21,D10,P7,Ace-TB1-21,1.251706392,1.522157053,1.519816154,0.05733686,0.066085235,1,,
MC6,2.5,X,Xyl-TB2,1,A1,P4,Xyl-TB2-1,1.850707105,1.822386755,1.826145132,0,0,1,0.009141157,0.001266196
MC6,2.5,X,Xyl-TB2,2,B1,P4,Xyl-TB2-2,1.848263636,1.819943286,1.823545241,0,0,1,0.022233099,0.003079638
MC6,2.5,X,Xyl-TB2,3,C1,P4,Xyl-TB2-3,1.845782289,1.817461939,1.820947456,0.02155854,0.007056449,1,0.039739794,0.005504594
MC6,2.5,X,Xyl-TB2,4,D1,P4,Xyl-TB2-4,1.843263062,1.814942712,1.818351777,0.09398916,0.03076413,1,0.104805887,0.014517285
MC6,2.5,X,Xyl-TB2,5,E1,P4,Xyl-TB2-5,1.840705955,1.812385605,1.815758203,0.26023368,0.085178576,1,0.19307194,0.026743539
MC6,2.5,X,Xyl-TB2,6,F1,P4,Xyl-TB2-6,1.835478102,1.807157752,1.810577372,0.34754874,0.113758168,1,1.815247876,0.251440742
MC6,2.5,X,Xyl-TB2,7,G1,P4,Xyl-TB2-7,1.832807356,1.804487006,1.807990115,0.21694302,0.071008862,1,0.32145264,0.04452631
MC6,2.5,X,Xyl-TB2,8,H1,P4,Xyl-TB2-8,1.827352225,1.799031875,1.802821918,0.47123634,0.154243064,1,0.610242697,0.084528333
MC6,2.5,X,Xyl-TB2,9,H2,P4,Xyl-TB2-9,1.821745576,1.793425226,1.797662144,0.45016752,0.147346908,1,0.805437726,0.111565953
MC6,2.5,X,Xyl-TB2,10,G2,P4,Xyl-TB2-10,1.818885432,1.790565082,1.795085415,1.8310662,0.599336761,10,3.208548397,0.444435055
MC6,2.5,X,Xyl-TB2,11,F2,P4,Xyl-TB2-11,1.815987408,1.787667058,1.792510792,2.46197778,0.805844043,10,4.788261478,0.663250476
MC6,2.5,X,Xyl-TB2,12,E2,P4,Xyl-TB2-12,1.813051505,1.784731155,1.789938274,3.05515416,1,10,7.136973812,0.988584542
MC6,2.5,X,Xyl-TB2,13,D2,P4,Xyl-TB2-13,1.807066059,1.778745709,1.784799556,2.99792244,0.981267158,10,7.219386414,1
MC6,2.5,X,Xyl-TB2,14,C2,P4,Xyl-TB2-14,1.800929095,1.772608745,1.77966926,2.31281892,0.757022002,10,5.638852014,0.781070813
MC6,2.5,X,Xyl-TB2,15,B2,P4,Xyl-TB2-15,1.797803794,1.769483444,1.777107271,2.01376746,0.659137757,10,3.228494122,0.447197855
MC6,2.5,X,Xyl-TB2,16,A2,P4,Xyl-TB2-16,1.794640613,1.766320263,1.774547387,1.66890966,0.546260376,10,2.488763628,0.3447334
MC6,2.5,X,Xyl-TB2,17,A3,P4,Xyl-TB2-17,1.788200611,1.759880261,1.769433936,0.71609586,0.234389436,1,0.676359911,0.09368662
MC6,2.5,X,Xyl-TB2,18,B3,P4,Xyl-TB2-18,1.784923791,1.756603441,1.766880369,0.67972332,0.222484132,1,0.397959386,0.055123713
MC6,2.5,X,Xyl-TB2,19,C3,P4,Xyl-TB2-19,1.778256512,1.749936162,1.761779552,0.69722826,0.228213774,1,0.266097899,0.036858797
MC6,2.5,X,Xyl-TB2,20,D3,P4,Xyl-TB2-20,1.774866053,1.746545703,1.759232302,0.73475382,0.24049648,1,,
MC6,2.5,X,Xyl-TB2,21,E3,P4,Xyl-TB2-21,1.44944505,1.4211247,1.588557117,0.78852648,0.258097117,1,,
MC6,2.5,X,Xyl-TB2,22,F3,P4,Xyl-TB2-22,-0.499186468,-0.527506818,1.152468451,0.00363432,0.00118957,1,,
MC5,2.5,X,Glu-TB2,1,H12,P4,Glu-TB2-1,1.850707105,1.821609991,1.826145132,0,0,1,0.009001357,0.006197162
MC5,2.5,X,Glu-TB2,2,G12,P4,Glu-TB2-2,1.848263636,1.819166522,1.823545241,0,0,1,0.00755837,0.005203709
MC5,2.5,X,Glu-TB2,3,F12,P4,Glu-TB2-3,1.845782289,1.816685175,1.820947456,0.06474438,0.081490599,1,0.040693338,0.028016133
MC5,2.5,X,Glu-TB2,4,E12,P4,Glu-TB2-4,1.840705955,1.811608841,1.815758203,0.11694474,0.14719265,1,0.057825181,0.039810889
MC5,2.5,X,Glu-TB2,5,D12,P4,Glu-TB2-5,1.838110968,1.809013854,1.813166735,0.29608212,0.372664148,1,0.109537589,0.075413319
MC5,2.5,X,Glu-TB2,6,C12,P4,Glu-TB2-6,1.835478102,1.806380988,1.810577372,0.52595238,0.661990651,1,0.295170995,0.203216309
MC5,2.5,X,Glu-TB2,7,B12,P4,Glu-TB2-7,1.83009873,1.801001616,1.805404964,0.6120096,0.770306684,1,0.258025606,0.177642832
MC5,2.5,X,Glu-TB2,8,A12,P4,Glu-TB2-8,1.827352225,1.798255111,1.802821918,0.5480694,0.689828267,1,0.399552835,0.275080052
MC5,2.5,X,Glu-TB2,9,A11,P4,Glu-TB2-9,1.821745576,1.792648462,1.797662144,0.6314013,0.794714072,1,0.863480537,0.594480254
MC5,2.5,X,Glu-TB2,10,B11,P4,Glu-TB2-10,1.818885432,1.789788318,1.795085415,0.4757436,0.598795305,1,0.717090909,0.493695419
MC5,2.5,X,Glu-TB2,11,C11,P4,Glu-TB2-11,1.813051505,1.783954391,1.789938274,0.519768,0.654206673,1,0.759064159,0.522592733
MC5,2.5,X,Glu-TB2,12,D11,P4,Glu-TB2-12,1.810077722,1.780980608,1.787367863,0.69418848,0.873741239,1,0.683017126,0.47023665
MC5,2.5,X,Glu-TB2,13,E11,P4,Glu-TB2-13,1.807066059,1.777968945,1.784799556,0.79450122,1,1,1.452496582,1
MC5,2.5,X,Glu-TB2,14,F11,P4,Glu-TB2-14,1.800929095,1.771831981,1.77966926,0.65624364,0.825981916,1,0.744158679,0.512330761
MC5,2.5,X,Glu-TB2,15,G11,P4,Glu-TB2-15,1.797803794,1.76870668,1.777107271,0.53622474,0.674919971,1,0.712973977,0.490861036
MC5,2.5,X,Glu-TB2,16,H11,P4,Glu-TB2-16,1.794640613,1.765543499,1.774547387,0.2954532,0.371872557,1,0.484423959,0.333511255
MC5,2.5,X,Glu-TB2,17,H10,P4,Glu-TB2-17,1.791439552,1.762342438,1.771989609,0,0,1,0.074135937,0.051040352
MC5,2.5,X,Glu-TB2,18,G10,P4,Glu-TB2-18,1.788200611,1.759103497,1.769433936,0.10331814,0.130041512,1,0.076399981,0.052599078
MC5,2.5,X,Glu-TB2,19,F10,P4,Glu-TB2-19,1.784923791,1.755826677,1.766880369,0.08141076,0.10246776,1,,
MC5,2.5,X,Glu-TB2,20,E10,P4,Glu-TB2-20,1.778256512,1.749159398,1.761779552,0.09168312,0.115397079,1,,
MC5,2.5,X,Glu-TB2,21,D10,P4,Glu-TB2-21,1.617959797,1.588862683,1.663997062,0.10478562,0.131888558,1,,
MC5,2.5,X,Glu-TB2,22,C10,P4,Glu-TB2-22,0.1315211,0.102423986,1.254195033,0,0,1,,
MC1,5.5,Plate8,C12-TB5,1,A1,P8,C12-TB5-1,1.843263062,1.814942712,1.820947456,0,0,1,2.24E-05,3.61E-05
MC1,5.5,Plate8,C12-TB5,2,B1,P8,C12-TB5-2,1.840705955,1.812385605,1.818351777,0,0,1,0.000686932,0.001108104
MC1,5.5,Plate8,C12-TB5,3,C1,P8,C12-TB5-3,1.838110968,1.809790618,1.815758203,0.00626123,0.004030962,1,6.78E-05,0.000109298
MC1,5.5,Plate8,C12-TB5,4,D1,P8,C12-TB5-4,1.835478102,1.807157752,1.813166735,0.05952395,0.038321348,1,7.58E-05,0.000122271
MC1,5.5,Plate8,C12-TB5,5,E1,P8,C12-TB5-5,1.832807356,1.804487006,1.810577372,0.12887645,0.082970289,1,0.000439575,0.000709087
MC1,5.5,Plate8,C12-TB5,6,F1,P8,C12-TB5-6,1.827352225,1.799031875,1.805404964,0.13423971,0.086423141,1,0.001081977,0.001745359
MC1,5.5,Plate8,C12-TB5,7,G1,P8,C12-TB5-7,1.824567841,1.796247491,1.802821918,0.22254856,0.143276125,1,0.007611477,0.012278227
MC1,5.5,Plate8,C12-TB5,8,H1,P8,C12-TB5-8,1.821745576,1.793425226,1.800240978,0.32019688,0.206141834,1,0.022888791,0.036922372
MC1,5.5,Plate8,C12-TB5,9,H2,P8,C12-TB5-9,1.815987408,1.787667058,1.795085415,0.54240229,0.34919704,1,0.082350243,0.132840841
MC1,5.5,Plate8,C12-TB5,10,G2,P8,C12-TB5-10,1.813051505,1.784731155,1.792510792,1.00549205,0.6473329,10,0.174055304,0.280772128
MC1,5.5,Plate8,C12-TB5,11,F2,P8,C12-TB5-11,1.807066059,1.778745709,1.787367863,1.20837123,0.777945935,10,0.327512313,0.52831673
MC1,5.5,Plate8,C12-TB5,12,E2,P8,C12-TB5-12,1.804016517,1.775696167,1.784799556,1.55328433,1,10,0.619916604,1
MC1,5.5,Plate8,C12-TB5,13,D2,P8,C12-TB5-13,1.797803794,1.769483444,1.77966926,1.49243907,0.960827996,10,0.39693481,0.640303562
MC1,5.5,Plate8,C12-TB5,14,C2,P8,C12-TB5-14,1.794640613,1.766320263,1.777107271,1.24970532,0.804556703,10,0.414399814,0.668476713
MC1,5.5,Plate8,C12-TB5,15,B2,P8,C12-TB5-15,1.791439552,1.763119202,1.774547387,0.8866681,0.570834382,1,0.181830558,0.293314547
MC1,5.5,Plate8,C12-TB5,16,A2,P8,C12-TB5-16,1.788200611,1.759880261,1.771989609,0.61785781,0.397775087,1,0.081167713,0.130933278
MC1,5.5,Plate8,C12-TB5,17,A3,P8,C12-TB5-17,1.781609091,1.753288741,1.766880369,0.59695959,0.384320873,1,0.021441827,0.034588245
MC1,5.5,Plate8,C12-TB5,18,B3,P8,C12-TB5-18,1.778256512,1.749936162,1.764328908,0.36587706,0.235550603,1,0.010386137,0.016754088
MC1,5.5,Plate8,C12-TB5,19,C3,P8,C12-TB5-19,1.771437714,1.743117364,1.759232302,0.43439733,0.279663756,1,,
MC1,5.5,Plate8,C12-TB5,20,D3,P8,C12-TB5-20,1.767971496,1.739651146,1.756687158,0.51669563,0.332647166,1,,
MC1,5.5,Plate8,C12-TB5,21,E3,P8,C12-TB5-21,1.588185013,1.559864663,1.651692464,0.56126617,0.361341552,1,,
MC1,5.5,Plate8,C12-TB5,22,F3,P8,C12-TB5-22,-0.109398035,-0.137718385,1.214918827,0.2014654,0.129702847,1,,
MC2,5.5,Plate8,Met-TB5,1,H12,P8,Met-TB5-1,1.843263062,1.814942712,1.820947456,0.0433417,0.016353208,1,0.005314744,0.009845356
MC2,5.5,Plate8,Met-TB5,2,G12,P8,Met-TB5-2,1.840705955,1.812385605,1.818351777,0.16456987,0.062093674,1,0.004751418,0.008801816
MC2,5.5,Plate8,Met-TB5,3,F12,P8,Met-TB5-3,1.838110968,1.809790618,1.815758203,0.27571881,0.104031156,1,0.020833682,0.038593581
MC2,5.5,Plate8,Met-TB5,4,E12,P8,Met-TB5-4,1.835478102,1.807157752,1.813166735,0.46990581,0.177299637,1,0.022644301,0.041947681
MC2,5.5,Plate8,Met-TB5,5,D12,P8,Met-TB5-5,1.83009873,1.80177838,1.807990115,0.6786106,0.256045808,1,0.034102152,0.063172902
MC2,5.5,Plate8,Met-TB5,6,C12,P8,Met-TB5-6,1.827352225,1.799031875,1.805404964,2.65034841,1,10,0.405678912,0.751504306
MC2,5.5,Plate8,Met-TB5,7,B12,P8,Met-TB5-7,1.824567841,1.796247491,1.802821918,2.00083913,0.754934379,10,0.376738011,0.697892419
MC2,5.5,Plate8,Met-TB5,8,A12,P8,Met-TB5-8,1.818885432,1.790565082,1.797662144,1.6208799,0.611572386,10,0.512066901,0.948583891
MC2,5.5,Plate8,Met-TB5,9,A11,P8,Met-TB5-9,1.813051505,1.784731155,1.792510792,0.77931043,0.294040748,10,0.150121521,0.278094242
MC2,5.5,Plate8,Met-TB5,10,B11,P8,Met-TB5-10,1.810077722,1.781757372,1.789938274,1.23648211,0.466535685,10,0.291367825,0.539747492
MC2,5.5,Plate8,Met-TB5,11,C11,P8,Met-TB5-11,1.807066059,1.778745709,1.787367863,1.34883316,0.508926734,10,0.539822472,1
MC2,5.5,Plate8,Met-TB5,12,D11,P8,Met-TB5-12,1.804016517,1.775696167,1.784799556,1.15621815,0.436251379,10,0.393505565,0.728953656
MC2,5.5,Plate8,Met-TB5,13,E11,P8,Met-TB5-13,1.797803794,1.769483444,1.77966926,0.73381519,0.27687499,1,0.04167143,0.077194693
MC2,5.5,Plate8,Met-TB5,14,F11,P8,Met-TB5-14,1.794640613,1.766320263,1.777107271,0.58780506,0.221784071,1,0.026072218,0.048297763
MC2,5.5,Plate8,Met-TB5,15,G11,P8,Met-TB5-15,1.791439552,1.763119202,1.774547387,0.44355186,0.167356057,1,0.028915388,0.053564624
MC2,5.5,Plate8,Met-TB5,16,H11,P8,Met-TB5-16,1.784923791,1.756603441,1.769433936,0.36522977,0.137804437,1,0.006428848,0.01190919
MC2,5.5,Plate8,Met-TB5,17,H10,P8,Met-TB5-17,1.781609091,1.753288741,1.766880369,0.26258807,0.099076812,1,0.004231368,0.007838444
MC2,5.5,Plate8,Met-TB5,18,G10,P8,Met-TB5-18,1.778256512,1.749936162,1.764328908,0.24113503,0.090982389,1,0.002186479,0.004050366
MC2,5.5,Plate8,Met-TB5,19,F10,P8,Met-TB5-19,1.774866053,1.746545703,1.761779552,0.19416027,0.073258395,1,0.001903941,0.003526976
MC2,5.5,Plate8,Met-TB5,20,E10,P8,Met-TB5-20,1.767971496,1.739651146,1.756687158,0.1681762,0.063454374,1,,
MC2,5.5,Plate8,Met-TB5,21,D10,P8,Met-TB5-21,1.588185013,1.559864663,1.651692464,0.20710607,0.07814296,1,,
MC2,5.5,Plate8,Met-TB5,22,C10,P8,Met-TB5-22,-0.235539549,-0.263859899,1.194552454,0.05517786,0.020819097,1,,
MC3,5.5,X,Eth-TB5,1,A1,P9,A1-P9,1.838110968,1.810605262,1.818351777,0.160427895,0.045639943,1,0.031412848,0.003347885
MC3,5.5,X,Eth-TB5,2,B1,P9,B1-P9,1.835478102,1.807972395,1.815758203,0.235501005,0.066997404,1,0.016562656,0.001765197
MC3,5.5,X,Eth-TB5,3,C1,P9,C1-P9,1.832807356,1.805301649,1.813166735,0.437175555,0.12437156,1,0.076362808,0.008138515
MC3,5.5,X,Eth-TB5,4,D1,P9,D1-P9,1.83009873,1.802593024,1.810577372,0.646183725,0.183832048,1,0.135009355,0.014388885
MC3,5.5,X,Eth-TB5,5,E1,P9,E1-P9,1.827352225,1.799846519,1.807990115,0.77635548,0.220864458,1,0.199865721,0.021301078
MC3,5.5,X,Eth-TB5,6,F1,P9,F1-P9,1.824567841,1.797062134,1.805404964,1.026374025,0.291991939,10,0.503751049,0.053688249
MC3,5.5,X,Eth-TB5,7,G1,P9,G1-P9,1.818885432,1.791379726,1.800240978,1.5035418,0.427740839,10,0.894226692,0.095303951
MC3,5.5,X,Eth-TB5,8,H1,P9,H1-P9,1.815987408,1.788481702,1.797662144,2.654630655,0.755212753,10,4.208597788,0.448539504
MC3,5.5,X,Eth-TB5,9,H2,P9,H2-P9,1.813051505,1.785545799,1.795085415,2.91449169,0.829140314,10,6.776906908,0.722262049
MC3,5.5,X,Eth-TB5,10,G2,P9,G2-P9,1.807066059,1.779560353,1.789938274,2.817128235,0.801441499,10,3.668868192,0.391016771
MC3,5.5,X,Eth-TB5,11,F2,P9,F2-P9,1.804016517,1.776510811,1.787367863,3.51507657,1,10,8.742306425,0.931728329
MC3,5.5,X,Eth-TB5,12,E2,P9,E2-P9,1.800929095,1.773423389,1.784799556,3.39793164,0.966673577,10,9.382892148,1
MC3,5.5,X,Eth-TB5,13,D2,P9,D2-P9,1.794640613,1.767134906,1.77966926,3.09011259,0.879102497,10,7.737083484,0.824594737
MC3,5.5,X,Eth-TB5,14,C2,P9,C2-P9,1.791439552,1.763933845,1.777107271,2.444850525,0.695532651,10,5.046529488,0.537843706
MC3,5.5,X,Eth-TB5,15,B2,P9,B2-P9,1.784923791,1.757418085,1.771989609,1.72953309,0.492032835,10,2.926907917,0.31194091
MC3,5.5,X,Eth-TB5,16,A2,P9,A2-P9,1.781609091,1.754103385,1.769433936,1.203538845,0.342393351,10,1.196619795,0.127532085
MC3,5.5,X,Eth-TB5,17,A3,P9,A3-P9,1.778256512,1.750750806,1.766880369,1.07201616,0.304976617,10,0.84706505,0.090277607
MC3,5.5,X,Eth-TB5,18,B3,P9,B3-P9,1.774866053,1.747360347,1.764328908,0.95776608,0.272473746,1,0.263191712,0.028050169
MC3,5.5,X,Eth-TB5,19,C3,P9,C3-P9,1.771437714,1.743932008,1.761779552,0.763907625,0.217323182,1,0.093795995,0.009996491
MC3,5.5,X,Eth-TB5,20,D3,P9,D3-P9,1.760925421,1.733419714,1.754144119,0.97146837,0.276371894,1,,
MC3,5.5,X,Eth-TB5,21,E3,P9,E3-P9,1.44944505,1.421939344,1.593363147,0.73235376,0.20834646,1,,
MC3,5.5,X,Eth-TB5,22,F3,P9,F3-P9,-0.622770874,-0.650276581,1.138646801,0.16882296,0.048028245,1,,
MC4,5.5,X,Ace-TB5,1,H12,P9,H12-P9,1.840705955,1.813200248,1.820947456,0.017229315,0.005295502,1,0.025816712,0.006925946
MC4,5.5,X,Ace-TB5,2,G12,P9,G12-P9,1.838110968,1.810605262,1.818351777,0.03276501,0.010070464,1,0.036207408,0.009713498
MC4,5.5,X,Ace-TB5,3,F12,P9,F12-P9,1.835478102,1.807972395,1.815758203,0.09722367,0.029882104,1,0.103445601,0.02775174
MC4,5.5,X,Ace-TB5,4,E12,P9,E12-P9,1.832807356,1.805301649,1.813166735,0.15357675,0.04720246,1,0.155105933,0.041610852
MC4,5.5,X,Ace-TB5,5,D12,P9,D12-P9,1.83009873,1.802593024,1.810577372,0.227009445,0.069772308,1,0.147183526,0.039485478
MC4,5.5,X,Ace-TB5,6,C12,P9,C12-P9,1.824567841,1.797062134,1.805404964,0.414788715,0.127487056,1,0.276840172,0.074268954
MC4,5.5,X,Ace-TB5,7,B12,P9,B12-P9,1.821745576,1.79423987,1.802821918,0.58915518,0.181079323,1,0.264467658,0.070949733
MC4,5.5,X,Ace-TB5,8,A12,P9,A12-P9,1.818885432,1.791379726,1.800240978,3.25357512,1,10,1.35860129,0.364477076
MC4,5.5,X,Ace-TB5,9,A11,P9,A11-P9,1.813051505,1.785545799,1.795085415,1.87774941,0.57713418,10,1.794781181,0.481492695
MC4,5.5,X,Ace-TB5,10,B11,P9,B11-P9,1.810077722,1.782572016,1.792510792,1.68051363,0.516512934,10,2.398755608,0.643523185
MC4,5.5,X,Ace-TB5,11,C11,P9,C11-P9,1.807066059,1.779560353,1.789938274,1.83336171,0.563491434,10,3.411568564,0.915234324
MC4,5.5,X,Ace-TB5,12,D11,P9,D11-P9,1.804016517,1.776510811,1.787367863,1.726348755,0.530600552,10,3.398360947,0.911691067
MC4,5.5,X,Ace-TB5,13,E11,P9,E11-P9,1.797803794,1.770298087,1.782233356,1.564623135,0.480893502,10,3.727535642,1
MC4,5.5,X,Ace-TB5,14,F11,P9,F11-P9,1.794640613,1.767134906,1.77966926,1.091797635,0.335568596,10,1.963662074,0.526799007
MC4,5.5,X,Ace-TB5,15,G11,P9,G11-P9,1.791439552,1.763933845,1.777107271,0.88249998,0.271240081,1,0.708899259,0.190179069
MC4,5.5,X,Ace-TB5,16,H11,P9,H11-P9,1.784923791,1.757418085,1.771989609,0.620323065,0.190658904,1,0.651394179,0.174751965
MC4,5.5,X,Ace-TB5,17,H10,P9,H10-P9,1.781609091,1.754103385,1.769433936,0.40291983,0.123839105,1,0.435630448,0.116868218
MC4,5.5,X,Ace-TB5,18,G10,P9,G10-P9,1.778256512,1.750750806,1.766880369,0.3494616,0.107408493,1,0.244147515,0.065498372
MC4,5.5,X,Ace-TB5,19,F10,P9,F10-P9,1.774866053,1.747360347,1.764328908,0.30777576,0.094596175,1,0.075641105,0.020292524
MC4,5.5,X,Ace-TB5,20,E10,P9,E10-P9,1.767971496,1.74046579,1.759232302,0.358242645,0.110107384,1,,
MC4,5.5,X,Ace-TB5,21,D10,P9,D10-P9,1.65553825,1.628032543,1.688764181,0.38690166,0.118915853,1,,
MC4,5.5,X,Ace-TB5,22,C10,P9,C10-P9,0.846382682,0.818876976,1.40769147,0.084196845,0.025878255,1,,
MC5,5.5,X,Glu-TB5,1,A1,P10,P10-A1,1.840705955,1.813200248,1.820947456,0,0,1,0.000177223,0.000138973
MC5,5.5,X,Glu-TB5,2,B1,P10,P10-B1,1.838110968,1.810605262,1.818351777,0.0202257,0.012589832,1,0.000497559,0.000390171
MC5,5.5,X,Glu-TB5,3,C1,P10,P10-C1,1.835478102,1.807972395,1.815758203,0.03310029,0.02060384,1,0.001962408,0.001538862
MC5,5.5,X,Glu-TB5,4,D1,P10,P10-D1,1.832807356,1.805301649,1.813166735,0.11305827,0.070375049,1,0.008059569,0.006320075
MC5,5.5,X,Glu-TB5,5,E1,P10,P10-E1,1.83009873,1.802593024,1.810577372,0.170768055,0.106297489,1,0.012922078,0.01013311
MC5,5.5,X,Glu-TB5,6,F1,P10,P10-F1,1.824567841,1.797062134,1.805404964,0.28359012,0.176525509,1,0.048045955,0.037676214
MC5,5.5,X,Glu-TB5,7,G1,P10,P10-G1,1.821745576,1.79423987,1.802821918,0.462817965,0.288088938,1,0.134517857,0.105484915
MC5,5.5,X,Glu-TB5,8,H1,P10,P10-H1,1.815987408,1.788481702,1.797662144,0.88711476,0.552199717,1,0.293162704,0.229889501
MC5,5.5,X,Glu-TB5,9,H2,P10,P10-H2,1.813051505,1.785545799,1.795085415,1.282839,0.798525022,10,0.507606379,0.398049874
MC5,5.5,X,Glu-TB5,10,G2,P10,P10-G2,1.807066059,1.779560353,1.789938274,1.23427695,0.768296745,10,0.578709794,0.453807064
MC5,5.5,X,Glu-TB5,11,F2,P10,P10-F2,1.804016517,1.776510811,1.787367863,1.60651071,1,10,1.275233112,1
MC5,5.5,X,Glu-TB5,12,E2,P10,P10-E2,1.800929095,1.773423389,1.784799556,1.266689295,0.788472363,10,0.991405093,0.777430482
MC5,5.5,X,Glu-TB5,13,D2,P10,P10-D2,1.797803794,1.770298087,1.782233356,1.102030065,0.685977416,10,0.947034769,0.74263659
MC5,5.5,X,Glu-TB5,14,C2,P10,P10-C2,1.791439552,1.763933845,1.777107271,0.7317162,0.455469232,1,1.059943664,0.831176398
MC5,5.5,X,Glu-TB5,15,B2,P10,P10-B2,1.788200611,1.760694905,1.774547387,0.507540225,0.315927072,1,0.339488431,0.266216763
MC5,5.5,X,Glu-TB5,16,A2,P10,P10-A2,1.781609091,1.754103385,1.769433936,0.3206328,0.199583357,1,0.17054046,0.133732773
MC5,5.5,X,Glu-TB5,17,A3,P10,P10-A3,1.778256512,1.750750806,1.766880369,0.223169895,0.138915909,1,0.064748241,0.050773651
MC5,5.5,X,Glu-TB5,18,B3,P10,P10-B3,1.774866053,1.747360347,1.764328908,0.156989985,0.097721095,1,0.029639928,0.023242752
MC5,5.5,X,Glu-TB5,19,C3,P10,P10-C3,1.771437714,1.743932008,1.761779552,0.156312375,0.097299305,1,0.013094949,0.010268671
MC5,5.5,X,Glu-TB5,20,D3,P10,P10-D3,1.767971496,1.74046579,1.754144119,0.16839642,0.104821225,1,,
MC5,5.5,X,Glu-TB5,21,E3,P10,P10-E3,1.637052061,1.609546354,1.678832066,0.15823227,0.098494376,1,,
MC5,5.5,X,Glu-TB5,22,F3,P10,P10-F3,0.26879969,0.241293984,1.283621794,0.036601275,0.022783088,1,,
MC6,5.5,X,Xyl-TB5,1,H12,P10,P10-H12,1.843263062,1.816609878,1.826145132,0,0,1,0.001600285,0.001038959
MC6,5.5,X,Xyl-TB5,2,G12,P10,P10-G12,1.840705955,1.814052771,1.823545241,0,0,1,0.002370071,0.00153873
MC6,5.5,X,Xyl-TB5,3,F12,P10,P10-F12,1.838110968,1.811457785,1.820947456,0.013562535,0.012143837,1,0.007745792,0.005028827
MC6,5.5,X,Xyl-TB5,4,E12,P10,P10-E12,1.832807356,1.806154173,1.815758203,0.044280855,0.039648891,1,0.009474104,0.006150904
MC6,5.5,X,Xyl-TB5,5,D12,P10,P10-D12,1.83009873,1.803445547,1.813166735,0.08730909,0.078176192,1,0.030684871,0.019921643
MC6,5.5,X,Xyl-TB5,6,C12,P10,P10-C12,1.827352225,1.800699042,1.810577372,0.155860635,0.139556956,1,0.047395074,0.030770464
MC6,5.5,X,Xyl-TB5,7,B12,P10,P10-B12,1.821745576,1.795092393,1.805404964,0.337911855,0.302564852,1,0.033644148,0.021842904
MC6,5.5,X,Xyl-TB5,8,A12,P10,P10-A12,1.818885432,1.792232249,1.802821918,0.65853432,0.589648858,1,0.160613971,0.104275952
MC6,5.5,X,Xyl-TB5,9,A11,P10,P10-A11,1.815987408,1.789334225,1.800240978,1.11682455,1,10,0.36713544,0.238356583
MC6,5.5,X,Xyl-TB5,10,B11,P10,P10-B11,1.810077722,1.783424539,1.795085415,0.66598803,0.596322878,1,0.392525623,0.254840738
MC6,5.5,X,Xyl-TB5,11,C11,P10,P10-C11,1.807066059,1.780412876,1.792510792,1.11456585,0.99797757,10,0.796216422,0.516930281
MC6,5.5,X,Xyl-TB5,12,D11,P10,P10-D11,1.804016517,1.777363334,1.789938274,0.97814037,0.875822769,1,0.837067504,0.543452167
MC6,5.5,X,Xyl-TB5,13,E11,P10,P10-E11,1.797803794,1.77115061,1.784799556,1.08881667,0.974921862,10,1.540278161,1
MC6,5.5,X,Xyl-TB5,14,F11,P10,P10-F11,1.794640613,1.767987429,1.782233356,0.934886265,0.837093226,1,0.920059518,0.597333353
MC6,5.5,X,Xyl-TB5,15,G11,P10,P10-G11,1.791439552,1.764786368,1.77966926,0.62239512,0.55728997,1,0.684695214,0.44452699
MC6,5.5,X,Xyl-TB5,16,H11,P10,P10-H11,1.788200611,1.761547428,1.777107271,0.420580275,0.376585808,1,0.193296938,0.125494825
MC6,5.5,X,Xyl-TB5,17,H10,P10,P10-H10,1.784923791,1.758270608,1.774547387,0.34186458,0.306104106,1,0.114440444,0.074298557
MC6,5.5,X,Xyl-TB5,18,G10,P10,P10-G10,1.778256512,1.751603329,1.769433936,0.21153759,0.189409867,1,0.067626188,0.043905179
MC6,5.5,X,Xyl-TB5,19,F10,P10,P10-F10,1.774866053,1.74821287,1.766880369,0.16274967,0.145725369,1,0.029685606,0.019272887
MC6,5.5,X,Xyl-TB5,20,E10,P10,P10-E10,1.771437714,1.744784531,1.764328908,0.201938115,0.180814538,1,,
MC6,5.5,X,Xyl-TB5,21,D10,P10,P10-D10,1.694916217,1.668263033,1.713741861,0.28020207,0.250891754,1,,
MC6,5.5,X,Xyl-TB5,22,C10,P10,P10-C10,-1.975605515,-2.002258699,0.977258329,0.112719465,0.100928534,1,,
MC1,3.5,Q17,P11_C12-TB3,1,A1_C12-TB3-1,P11,A1_C12-TB3-1,1.848263636,1.82075793,1.815758203,0.07312512,0.065480206,1,0.036852895,0.000978912
MC1,3.5,Q17,P11_C12-TB3,2,B1_C12-TB3-2,P11,B1_C12-TB3-2,1.845782289,1.818276582,1.813166735,0.07600006,0.068054584,1,0.004812909,0.000127844
MC1,3.5,Q17,P11_C12-TB3,3,C1_C12-TB3-3,P11,C1_C12-TB3-3,1.843263062,1.815757355,1.810577372,0.08221364,0.073618561,1,0.07891573,0.002096214
MC1,3.5,Q17,P11_C12-TB3,4,D1_C12-TB3-4,P11,D1_C12-TB3-4,1.840705955,1.813200248,1.807990115,0.0895401,0.080179071,1,0.013910568,0.000369502
MC1,3.5,Q17,P11_C12-TB3,5,E1_C12-TB3-5,P11,E1_C12-TB3-5,1.835478102,1.807972395,1.802821918,0.09714478,0.086988715,1,0.030440201,0.000808573
MC1,3.5,Q17,P11_C12-TB3,6,F1_C12-TB3-6,P11,F1_C12-TB3-6,1.832807356,1.805301649,1.800240978,0.105468195,0.094441953,1,0.091562899,0.002432157
MC1,3.5,Q17,P11_C12-TB3,7,G1_C12-TB3-7,P11,G1_C12-TB3-7,1.83009873,1.802593024,1.797662144,0.12181362,0.109078535,1,0.240191695,0.006380137
MC1,3.5,Q17,P11_C12-TB3,8,H1_C12-TB3-8,P11,H1_C12-TB3-8,1.824567841,1.797062134,1.792510792,0.147989485,0.132517827,1,0.79850159,0.021210347
MC1,3.5,Q17,P11_C12-TB3,9,H2_C12-TB3-9,P11,H2_C12-TB3-9,1.821745576,1.79423987,1.789938274,0.20463044,0.183237216,1,2.369265512,0.062934057
MC1,3.5,Q17,P11_C12-TB3,10,G2_C12-TB3-10,P11,G2_C12-TB3-10,1.815987408,1.788481702,1.784799556,1.116751525,1,10,37.64679477,1
MC1,3.5,Q17,P11_C12-TB3,11,F2_C12-TB3-11,P11,F2_C12-TB3-11,1.813051505,1.785545799,1.782233356,0.57248365,0.512632969,1,7.530401197,0.200027685
MC1,3.5,Q17,P11_C12-TB3,12,E2_C12-TB3-12,P11,E2_C12-TB3-12,1.810077722,1.782572016,1.77966926,0.590405655,0.528681306,1,3.310180994,0.087927299
MC1,3.5,Q17,P11_C12-TB3,13,D2_C12-TB3-13,P11,D2_C12-TB3-13,1.807066059,1.779560353,1.777107271,0.618134915,0.553511592,1,7.946627989,0.211083786
MC1,3.5,Q17,P11_C12-TB3,14,C2_C12-TB3-14,P11,C2_C12-TB3-14,1.800929095,1.773423389,1.771989609,0.520062365,0.465692102,1,6.492355467,0.172454402
MC1,3.5,Q17,P11_C12-TB3,15,B2_C12-TB3-15,P11,B2_C12-TB3-15,1.794640613,1.767134906,1.766880369,0.347380485,0.311063363,1,2.604178109,0.069173966
MC1,3.5,Q17,P11_C12-TB3,16,A2_C12-TB3-16,P11,A2_C12-TB3-16,1.791439552,1.763933845,1.764328908,0.28888473,0.258683085,1,1.765891826,0.046906831
MC1,3.5,Q17,P11_C12-TB3,17,A3_C12-TB3-17,P11,A3_C12-TB3-17,1.788200611,1.760694905,1.761779552,0.06301646,0.056428363,1,0.540508114,0.014357347
MC1,3.5,Q17,P11_C12-TB3,18,B3_C12-TB3-18,P11,B3_C12-TB3-18,1.784923791,1.757418085,1.759232302,0.062854165,0.056283035,1,0.367601284,0.009764478
MC2,3.5,Q17,P11_Met-TB3,1,A5_Met-TB3-1,P11,A5_Met-TB3-1,1.845782289,1.819129106,1.813166735,0.078805445,0.067652265,1,0.203279903,0.0055656
MC2,3.5,Q17,P11_Met-TB3,2,B5_Met-TB3-2,P11,B5_Met-TB3-2,1.843263062,1.816609878,1.810577372,0.078759075,0.067612458,1,0.152672309,0.004180015
MC2,3.5,Q17,P11_Met-TB3,3,C5_Met-TB3-3,P11,C5_Met-TB3-3,1.840705955,1.814052771,1.807990115,0.08833448,0.075832675,1,0.29488757,0.008073726
MC2,3.5,Q17,P11_Met-TB3,4,D5_Met-TB3-4,P11,D5_Met-TB3-4,1.835478102,1.808824918,1.802821918,0.09190497,0.07889784,1,0.317513834,0.008693211
MC2,3.5,Q17,P11_Met-TB3,5,E5_Met-TB3-5,P11,E5_Met-TB3-5,1.832807356,1.806154173,1.800240978,0.1006689,0.086421429,1,0.332966556,0.009116291
MC2,3.5,Q17,P11_Met-TB3,6,F5_Met-TB3-6,P11,F5_Met-TB3-6,1.83009873,1.803445547,1.797662144,0.10206,0.087615649,1,0.219014984,0.005996411
MC2,3.5,Q17,P11_Met-TB3,7,G5_Met-TB3-7,P11,G5_Met-TB3-7,1.824567841,1.797914657,1.792510792,0.138993705,0.119322199,1,1.683288831,0.046086762
MC2,3.5,Q17,P11_Met-TB3,8,H5_Met-TB3-8,P11,H5_Met-TB3-8,1.821745576,1.795092393,1.789938274,0.261735095,0.224692242,1,3.377406944,0.09247002
MC2,3.5,Q17,P11_Met-TB3,9,H6_Met-TB3-9,P11,H6_Met-TB3-9,1.818885432,1.792232249,1.787367863,1.1648604,1,10,36.52434549,1
MC2,3.5,Q17,P11_Met-TB3,10,G6_Met-TB3-10,P11,G6_Met-TB3-10,1.815987408,1.789334225,1.784799556,0.52203309,0.448150774,1,10.45626583,0.286282086
MC2,3.5,Q17,P11_Met-TB3,11,F6_Met-TB3-11,P11,F6_Met-TB3-11,1.810077722,1.783424539,1.77966926,0.388232455,0.33328668,1,3.597332152,0.098491352
MC2,3.5,Q17,P11_Met-TB3,12,E6_Met-TB3-12,P11,E6_Met-TB3-12,1.804016517,1.777363334,1.774547387,0.415590755,0.356773013,1,4.35103022,0.11912685
MC2,3.5,Q17,P11_Met-TB3,13,D6_Met-TB3-13,P11,D6_Met-TB3-13,1.800929095,1.774275912,1.771989609,0.36720366,0.315234049,1,4.098631921,0.112216437
MC2,3.5,Q17,P11_Met-TB3,14,C6_Met-TB3-14,P11,C6_Met-TB3-14,1.797803794,1.77115061,1.769433936,0.295724305,0.253871026,1,1.143914101,0.031319222
MC2,3.5,Q17,P11_Met-TB3,15,B6_Met-TB3-15,P11,B6_Met-TB3-15,1.791439552,1.764786368,1.764328908,0.236277965,0.20283801,1,2.119729335,0.058036066
MC2,3.5,Q17,P11_Met-TB3,16,A6_Met-TB3-16,P11,A6_Met-TB3-16,1.788200611,1.761547428,1.761779552,0.176136075,0.151207883,1,1.127892431,0.030880565
MC2,3.5,Q17,P11_Met-TB3,17,A7_Met-TB3-17,P11,A7_Met-TB3-17,1.784923791,1.758270608,1.759232302,0.16266559,0.139643849,1,0.54733375,0.01498545
MC2,3.5,Q17,P11_Met-TB3,18,B7_Met-TB3-18,P11,B7_Met-TB3-18,1.781609091,1.754955908,1.756687158,0.14819815,0.127223957,1,0.354761059,0.009713003
MC2,3.5,Q17,P11_Met-TB3,19,C7_Met-TB3-19,P11,C7_Met-TB3-19,1.771437714,1.744784531,1.749064358,0.17166137,0.147366474,1,0.706013414,0.01932994
MC1,4.5,Q20,C12-TB4,1,A1,P16,C12-TB4-1,1.843263062,1.815757355,1.815758203,0.072410125,0.11654932,1,0.008822534,0.000682394
MC1,4.5,Q20,C12-TB4,2,B1,P16,C12-TB4-2,1.840705955,1.813200248,1.813166735,0.08128278,0.130830498,1,0.006413945,0.000496097
MC1,4.5,Q20,C12-TB4,3,C1,P16,C12-TB4-3,1.838110968,1.810605262,1.810577372,0.08123251,0.130749585,1,0.002379852,0.000184074
MC1,4.5,Q20,C12-TB4,4,D1,P16,C12-TB4-4,1.835478102,1.807972395,1.807990115,0.084927355,0.136696704,1,0.003996888,0.000309146
MC1,4.5,Q20,C12-TB4,5,E1,P16,C12-TB4-5,1.832807356,1.805301649,1.805404964,0.116245565,0.187105623,1,0.008017404,0.00062012
MC1,4.5,Q20,C12-TB4,6,F1,P16,C12-TB4-6,1.83009873,1.802593024,1.802821918,0.143692985,0.231284225,1,0.01357786,0.001050202
MC1,4.5,Q20,C12-TB4,7,G1,P16,C12-TB4-7,1.824567841,1.797062134,1.797662144,0.162493965,0.261545759,1,0.054362184,0.004204735
MC1,4.5,Q20,C12-TB4,8,H1,P16,C12-TB4-8,1.818885432,1.791379726,1.792510792,0.183758175,0.295772039,1,0.287759203,0.022257221
MC1,4.5,Q20,C12-TB4,9,H2,P16,C12-TB4-9,1.815987408,1.788481702,1.789938274,0.62128312,1,1,12.92880225,1
MC1,4.5,Q20,C12-TB4,10,G2,P16,C12-TB4-10,1.813051505,1.785545799,1.787367863,0.47474607,0.764138047,1,3.459047436,0.267545854
MC1,4.5,Q20,C12-TB4,11,F2,P16,C12-TB4-11,1.807066059,1.779560353,1.782233356,0.508401835,0.818309429,1,2.217600887,0.171524078
MC1,4.5,Q20,C12-TB4,12,E2,P16,C12-TB4-12,1.804016517,1.776510811,1.77966926,0.392780835,0.632209089,1,3.056580338,0.236416358
MC1,4.5,Q20,C12-TB4,13,D2,P16,C12-TB4-13,1.800929095,1.773423389,1.777107271,0.427617945,0.68828193,1,1.174999289,0.0908823
MC1,4.5,Q20,C12-TB4,14,C2,P16,C12-TB4-14,1.794640613,1.767134906,1.771989609,0.226035245,0.363820033,1,0.7950766,0.06149654
MC1,4.5,Q20,C12-TB4,15,B2,P16,C12-TB4-15,1.791439552,1.763933845,1.769433936,0.2590375,0.416939543,1,0.305955717,0.023664661
MC1,4.5,Q20,C12-TB4,16,A2,P16,C12-TB4-16,1.788200611,1.760694905,1.766880369,0.236943835,0.381378195,1,0.149183991,0.011538887
MC1,4.5,Q20,C12-TB4,17,A3,P16,C12-TB4-17,1.781609091,1.754103385,1.761779552,0.168576635,0.271336255,1,0.04179261,0.00323252
MC1,4.5,Q20,C12-TB4,18,B3,P16,C12-TB4-18,1.778256512,1.750750806,1.759232302,0.177373885,0.285496063,1,0.031649944,0.002448018
MC1,4.5,Q20,C12-TB4,19,C3,P16,C12-TB4-19,1.771437714,1.743932008,1.754144119,0.19333461,0.311186002,1,0.050348148,0.003894262
MC4,3.5,Q21,Ace-TB3,1,P12_Ace-TB3,P12,A1-Ace-TB3-1,1.845782289,1.819129106,1.818351777,0.0727887,0.104313616,1,0.013311592,0.000932207
MC4,3.5,Q21,Ace-TB3,2,P12_Ace-TB3,P12,B1-Ace-TB3-2,1.843263062,1.816609878,1.815758203,0.075428835,0.108097198,1,0.007760023,0.000543432
MC4,3.5,Q21,Ace-TB3,3,P12_Ace-TB3,P12,C1-Ace-TB3-3,1.840705955,1.814052771,1.813166735,0.080613965,0.115528017,1,0.058497919,0.004096594
MC4,3.5,Q21,Ace-TB3,4,P12_Ace-TB3,P12,D1-Ace-TB3-4,1.838110968,1.811457785,1.810577372,0.093077305,0.133389252,1,0.111023563,0.007774951
MC4,3.5,Q21,Ace-TB3,5,P12_Ace-TB3,P12,E1-Ace-TB3-5,1.835478102,1.808824918,1.807990115,0.101402055,0.145319466,1,0.209113758,0.014644182
MC4,3.5,Q21,Ace-TB3,6,P12_Ace-TB3,P12,F1-Ace-TB3-6,1.832807356,1.806154173,1.805404964,0.124092945,0.17783782,1,0.218086665,0.015272552
MC4,3.5,Q21,Ace-TB3,7,P12_Ace-TB3,P12,G1-Ace-TB3-7,1.83009873,1.803445547,1.800240978,0.628572795,0.900808792,10,0.281360295,0.019703588
MC4,3.5,Q21,Ace-TB3,8,P12_Ace-TB3,P12,H1-Ace-TB3-8,1.824567841,1.797914657,1.797662144,0.697787145,1,10,14.27964766,1
MC4,3.5,Q21,Ace-TB3,9,P12_Ace-TB3,P12,H2-Ace-TB3-9,1.818885432,1.792232249,1.795085415,0.217900985,0.31227429,1,8.032476553,0.562512237
MC4,3.5,Q21,Ace-TB3,10,P12_Ace-TB3,P12,G2-Ace-TB3-10,1.815987408,1.789334225,1.789938274,0.175801535,0.251941493,1,1.238241647,0.086713739
MC4,3.5,Q21,Ace-TB3,11,P12_Ace-TB3,P12,F2-Ace-TB3-11,1.810077722,1.783424539,1.787367863,0.20303536,0.290970336,1,1.599054061,0.111981339
MC4,3.5,Q21,Ace-TB3,12,P12_Ace-TB3,P12,E2-Ace-TB3-12,1.807066059,1.780412876,1.782233356,0.245063455,0.351200874,1,1.510235869,0.105761424
MC4,3.5,Q21,Ace-TB3,13,P12_Ace-TB3,P12,D2-Ace-TB3-13,1.804016517,1.777363334,1.77966926,0.26915766,0.385730322,1,1.751643895,0.122667165
MC4,3.5,Q21,Ace-TB3,14,P12_Ace-TB3,P12,C2-Ace-TB3-14,1.800929095,1.774275912,1.774547387,0.175991815,0.252214183,1,1.135417662,0.079513003
MC4,3.5,Q21,Ace-TB3,15,P12_Ace-TB3,P12,B2-Ace-TB3-15,1.797803794,1.77115061,1.771989609,0.17121103,0.245362832,1,0.402959499,0.028219149
MC4,3.5,Q21,Ace-TB3,16,P12_Ace-TB3,P12,A2-Ace-TB3-16,1.791439552,1.764786368,1.769433936,0.148401215,0.212674045,1,0.229575123,0.016077086
MC4,3.5,Q21,Ace-TB3,17,P12_Ace-TB3,P12,A3-Ace-TB3-17,1.784923791,1.758270608,1.764328908,0.13800717,0.197778321,1,0.086337677,0.006046205
MC4,3.5,Q21,Ace-TB3,18,P12_Ace-TB3,P12,B3-Ace-TB3-18,1.781609091,1.754955908,1.761779552,0.10328107,0.148012285,1,0.035167877,0.002462797
MC4,3.5,Q21,Ace-TB3,19,P12_Ace-TB3,P12,C3-Ace-TB3-19,1.778256512,1.751603329,1.759232302,0.105350365,0.150977796,1,0.028994513,0.002030478
MC6,3.5,Q21,Xyl-TB3,1,P12_Xyl-TB3,P12,H12-Xyl-TB3-1,1.850707105,1.824053921,1.820947456,0.069102025,0.091759618,1,0.003743039,0.002751499
MC6,3.5,Q21,Xyl-TB3,2,P12_Xyl-TB3,P12,G12-Xyl-TB3-2,1.848263636,1.821610453,1.818351777,0.07464393,0.099118636,1,0.004777755,0.003512117
MC6,3.5,Q21,Xyl-TB3,3,P12_Xyl-TB3,P12,F12-Xyl-TB3-3,1.845782289,1.819129106,1.815758203,0.075999675,0.100918911,1,0.061091347,0.044908104
MC6,3.5,Q21,Xyl-TB3,4,P12_Xyl-TB3,P12,E12-Xyl-TB3-4,1.843263062,1.816609878,1.813166735,0.090365815,0.119995509,1,0.125098446,0.09195957
MC6,3.5,Q21,Xyl-TB3,5,P12_Xyl-TB3,P12,D12-Xyl-TB3-5,1.840705955,1.814052771,1.810577372,0.10499359,0.139419527,1,0.284456014,0.20910294
MC6,3.5,Q21,Xyl-TB3,6,P12_Xyl-TB3,P12,C12-Xyl-TB3-6,1.835478102,1.808824918,1.805404964,0.121524165,0.161370248,1,0.311931481,0.22930009
MC6,3.5,Q21,Xyl-TB3,7,P12_Xyl-TB3,P12,B12-Xyl-TB3-7,1.832807356,1.806154173,1.802821918,0.107652805,0.142950662,1,0.256563353,0.188599111
MC6,3.5,Q21,Xyl-TB3,8,P12_Xyl-TB3,P12,A12-Xyl-TB3-8,1.827352225,1.800699042,1.800240978,0.14707393,0.195297426,1,0.205166236,0.150817213
MC6,3.5,Q21,Xyl-TB3,9,P12_Xyl-TB3,P12,A11-Xyl-TB3-9,1.821745576,1.795092393,1.795085415,0.753076645,1,10,1.057759644,0.777556601
MC6,3.5,Q21,Xyl-TB3,10,P12_Xyl-TB3,P12,B11-Xyl-TB3-10,1.818885432,1.792232249,1.792510792,0.33384769,0.443311703,1,0.839298838,0.616966582
MC6,3.5,Q21,Xyl-TB3,11,P12_Xyl-TB3,P12,C11-Xyl-TB3-11,1.813051505,1.786398322,1.787367863,0.25128691,0.333680392,1,1.1950662,0.878490324
MC6,3.5,Q21,Xyl-TB3,12,P12_Xyl-TB3,P12,D11-Xyl-TB3-12,1.810077722,1.783424539,1.784799556,0.268114435,0.356025428,1,1.360363532,1
MC6,3.5,Q21,Xyl-TB3,13,P12_Xyl-TB3,P12,E11-Xyl-TB3-13,1.807066059,1.780412876,1.77966926,0.25637047,0.34043078,1,1.059152878,0.778580764
MC6,3.5,Q21,Xyl-TB3,14,P12_Xyl-TB3,P12,F11-Xyl-TB3-14,1.804016517,1.777363334,1.777107271,0.20638213,0.274051959,1,0.450614527,0.331245668
MC6,3.5,Q21,Xyl-TB3,15,P12_Xyl-TB3,P12,G11-Xyl-TB3-15,1.797803794,1.77115061,1.774547387,0.20515831,0.272426866,1,0.31512396,0.231646874
MC6,3.5,Q21,Xyl-TB3,16,P12_Xyl-TB3,P12,H11-Xyl-TB3-16,1.794640613,1.767987429,1.771989609,0.17042065,0.22629921,1,0.102946865,0.075675996
MC6,3.5,Q21,Xyl-TB3,17,P12_Xyl-TB3,P12,H10-Xyl-TB3-17,1.791439552,1.764786368,1.766880369,0.112124455,0.148888504,1,0.038702443,0.028450074
MC6,3.5,Q21,Xyl-TB3,18,P12_Xyl-TB3,P12,G10-Xyl-TB3-18,1.788200611,1.761547428,1.764328908,0.109582675,0.14551331,1,0.021638434,0.015906361
MC6,3.5,Q21,Xyl-TB3,19,P12_Xyl-TB3,P12,F10-Xyl-TB3-19,1.784923791,1.758270608,1.759232302,0.094849765,0.125949683,1,0.014683142,0.010793543
MC3,3.5,Q22,Eth-TB3,1,Eth-TB3-1,P18,A1_Eth-TB3-1,1.850707105,1.818294366,1.810577372,0.05029034,0.025584217,1,0.036344166,0.011166014
MC3,3.5,Q22,Eth-TB3,2,Eth-TB3-2,P18,B1_Eth-TB3-2,1.847027698,1.814614959,1.806697277,0.04944019,0.02515172,1,0.061194674,0.018800832
MC3,3.5,Q22,Eth-TB3,3,Eth-TB3-3,P18,C1_Eth-TB3-3,1.845782289,1.81336955,1.805404964,0.17390215,0.088469284,1,0.183647288,0.056421934
MC3,3.5,Q22,Eth-TB3,4,Eth-TB3-4,P18,D1_Eth-TB3-4,1.840705955,1.808293216,1.800240978,0.399787005,0.203383741,1,0.498935167,0.153287792
MC3,3.5,Q22,Eth-TB3,5,Eth-TB3-5,P18,E1_Eth-TB3-5,1.838110968,1.80569823,1.797662144,1.96567829,1,10,3.254891737,1
MC3,3.5,Q22,Eth-TB3,6,Eth-TB3-6,P18,F1_Eth-TB3-6,1.835478102,1.803065363,1.795085415,1.309277475,0.666069052,10,2.260049281,0.694354671
MC3,3.5,Q22,Eth-TB3,7,Eth-TB3-7,P18,G1_Eth-TB3-7,1.832807356,1.800394617,1.792510792,1.52155993,0.774063557,10,2.138187731,0.656915161
MC3,3.5,Q22,Eth-TB3,8,Eth-TB3-8,P18,H1_Eth-TB3-8,1.827352225,1.794939487,1.787367863,1.61252598,0.820340738,10,2.427499089,0.745800256
MC3,3.5,Q22,Eth-TB3,9,Eth-TB3-9,P18,H2_Eth-TB3-9,1.824567841,1.792155102,1.784799556,1.45252775,0.7389448,10,2.414995875,0.741958895
MC3,3.5,Q22,Eth-TB3,10,Eth-TB3-10,P18,G2_Eth-TB3-10,1.818885432,1.786472694,1.77966926,1.291594355,0.657073114,10,1.66349626,0.511075757
MC3,3.5,Q22,Eth-TB3,11,Eth-TB3-11,P18,F2_Eth-TB3-11,1.815987408,1.78357467,1.777107271,0.888963315,0.452242526,1,1.416003025,0.43503844
MC3,3.5,Q22,Eth-TB3,12,Eth-TB3-12,P18,E2_Eth-TB3-12,1.810077722,1.777664984,1.771989609,0.474260145,0.24127048,1,0.960080689,0.294965476
MC3,3.5,Q22,Eth-TB3,13,Eth-TB3-13,P18,D2_Eth-TB3-13,1.807066059,1.774653321,1.769433936,0.38882007,0.19780453,1,0.39076626,0.120055072
MC3,3.5,Q22,Eth-TB3,14,Eth-TB3-14,P18,C2_Eth-TB3-14,1.804016517,1.771603779,1.766880369,0.31808759,0.161820778,1,0.242952774,0.074642352
MC3,3.5,Q22,Eth-TB3,15,Eth-TB3-15,P18,B2_Eth-TB3-15,1.797803794,1.765391055,1.761779552,0.24973553,0.127048018,1,0.117515782,0.03610436
MC3,3.5,Q22,Eth-TB3,16,Eth-TB3-16,P18,A2_Eth-TB3-16,1.799371179,1.766958441,1.763053967,0.277535435,0.14119067,1,0.077529359,0.023819336
MC3,3.5,Q22,Eth-TB3,17,Eth-TB3-17,P18,A3_Eth-TB3-17,1.791439552,1.759026813,1.756687158,0.19107518,0.097205723,1,0.048001913,0.014747622
MC3,3.5,Q22,Eth-TB3,18,Eth-TB3-18,P18,B3_Eth-TB3-18,1.788200611,1.755787873,1.754144119,0.14108636,0.071774899,1,0.053183941,0.016339696
MC3,3.5,Q22,Eth-TB3,19,Eth-TB3-19,P18,C3_Eth-TB3-19,1.784923791,1.752511053,1.751603186,0.123488255,0.06282221,1,0.034672128,0.010652314
MC5,3.5,Q25,Glu-TB3,1,Glu-TB3-1,P25,H12_Glu-TB3-1,1.848263636,1.819943287,1.815758203,0.11069453,0.024254707,1,0.074859709,0.004719676
MC5,3.5,Q25,Glu-TB3,2,Glu-TB3-2,P25,G12_Glu-TB3-2,1.84452741,1.81620706,1.81187179,0.08340585,0.018275378,1,0.030740218,0.001938077
MC5,3.5,Q25,Glu-TB3,3,Glu-TB3-3,P25,F12_Glu-TB3-3,1.843263062,1.814942712,1.810577372,0.10791941,0.023646639,1,0.098898073,0.006235222
MC5,3.5,Q25,Glu-TB3,4,Glu-TB3-4,P25,E12_Glu-TB3-4,1.839413196,1.811092846,1.806697277,0.2504912,0.054886096,1,0.118911055,0.007496979
MC5,3.5,Q25,Glu-TB3,5,Glu-TB3-5,P25,D12_Glu-TB3-5,1.838110968,1.809790618,1.805404964,0.15428704,0.03380643,1,0.181830131,0.011463835
MC5,3.5,Q25,Glu-TB3,6,Glu-TB3-6,P25,C12_Glu-TB3-6,1.835478102,1.807157752,1.802821918,0.68780386,0.150707365,1,0.750850874,0.047338855
MC5,3.5,Q25,Glu-TB3,7,Glu-TB3-7,P25,B12_Glu-TB3-7,1.83009873,1.80177838,1.797662144,4.56383709,1,10,15.86119637,1
MC5,3.5,Q25,Glu-TB3,8,Glu-TB3-8,P25,A12_Glu-TB3-8,1.827352225,1.799031875,1.795085415,2.17781204,0.477188821,10,3.150139181,0.198606657
MC5,3.5,Q25,Glu-TB3,9,Glu-TB3-9,P25,A11_Glu-TB3-9,1.821745576,1.793425226,1.789938274,0.90299129,0.197857915,1,0.729442387,0.045989115
MC5,3.5,Q25,Glu-TB3,10,Glu-TB3-10,P25,B11_Glu-TB3-10,1.818885432,1.790565082,1.787367863,0.54985727,0.120481354,1,0.972491088,0.061312594
MC5,3.5,Q25,Glu-TB3,11,Glu-TB3-11,P25,C11_Glu-TB3-11,1.815987408,1.787667058,1.784799556,0.78400802,0.17178703,1,1.295242957,0.081661113
MC5,3.5,Q25,Glu-TB3,12,Glu-TB3-12,P25,D11_Glu-TB3-12,1.810077722,1.781757372,1.77966926,1.03943469,0.227754556,10,0.97923703,0.061737905
MC5,3.5,Q25,Glu-TB3,13,Glu-TB3-13,P25,E11_Glu-TB3-13,1.804016517,1.775696167,1.774547387,0.91894823,0.201354302,1,0.464462119,0.029282918
MC5,3.5,Q25,Glu-TB3,14,Glu-TB3-14,P25,F11_Glu-TB3-14,1.800929095,1.772608745,1.771989609,0.71393624,0.156433331,1,0.244815413,0.015434864
MC5,3.5,Q25,Glu-TB3,15,Glu-TB3-15,P25,G11_Glu-TB3-15,1.797803794,1.769483444,1.769433936,0.51285567,0.11237379,1,0.240855057,0.015185176
MC5,3.5,Q25,Glu-TB3,16,Glu-TB3-16,P25,H11_Glu-TB3-16,1.791439552,1.763119202,1.764328908,0.40936682,0.089697948,1,0.069425288,0.004377052
MC5,3.5,Q25,Glu-TB3,17,Glu-TB3-17,P25,H10_Glu-TB3-17,1.788200611,1.759880261,1.761779552,0,0,1,0.05853168,0.003690244
MC5,3.5,Q25,Glu-TB3,18,Glu-TB3-18,P25,G10_Glu-TB3-18,1.783271176,1.754950826,1.757959467,0,0,1,0.000449517,2.83407E-05
MC5,3.5,Q25,Glu-TB3,19,Glu-TB3-19,P25,F10_Glu-TB3-19,1.781609091,1.753288741,1.756687158,0.24771608,0.054278029,1,0.020909931,0.001318307